Кұјд,»щЧјКХТж,ІЯВФКХТж,өұИХУҜАы,өұИХҝчЛр,өұИХВтИл,өұИХВфіц,і¬¶оКХТж(%)
2018-01-02 16:00:00,1.4,0,0,0,0,0,-1.38
2018-01-03 16:00:00,2,0.62,1853.8,0,299123,0,-1.35
2018-01-04 16:00:00,2.43,1.79,3521,0,411,0,-0.62
2018-01-05 16:00:00,2.68,1.87,247,0,0,0,-0.79
2018-01-08 16:00:00,3.21,2.79,2746,0,0,0,-0.41
2018-01-09 16:00:00,3.93,1.84,0,-2862,254,0,-2.01
2018-01-10 16:00:00,4.39,2.39,1654,0,0,0,-1.92
2018-01-11 16:00:00,4.34,2.27,0,-360,0,0,-1.98
2018-01-12 16:00:00,4.82,1.3,0,-2884.95,201143,-305796,-3.36
2018-01-15 16:00:00,4.82,-0.05,0,-4060.06,151863,-145759,-4.65
2018-01-16 16:00:00,5.65,-0.22,0,-511.36,96499,-243,-5.56
2018-01-17 16:00:00,5.39,-0.43,0,-634.08,100490,-99195,-5.52
2018-01-18 16:00:00,5.97,0.44,2611.09,0,40862,-40957,-5.22
2018-01-19 16:00:00,6.32,-0.6,0,-3135.42,97736,-97900,-6.51
2018-01-22 16:00:00,7.59,0.31,2749,0,0,0,-6.77
2018-01-23 16:00:00,8.73,0.53,647.06,0,1136,-1936,-7.54
2018-01-24 16:00:00,8.91,3.56,9097,0,0,0,-4.91
2018-01-25 16:00:00,8.29,2.38,0,-3541.76,104915,-104388,-5.46
2018-01-26 16:00:00,8.69,0.6,0,-5337.47,58650,-58527,-7.44
2018-01-29 16:00:00,6.73,-1.51,0,-6332.98,111975,-114390,-7.72
2018-01-30 16:00:00,5.59,-0.11,4190.89,0,207667,-205708,-5.4
2018-01-31 16:00:00,6.08,-0.59,0,-1441,0,0,-6.29
2018-02-01 16:00:00,5.34,-1.25,0,-1967.11,5733,-6107,-6.26
2018-02-02 16:00:00,5.96,0.2,4365.02,0,64959,-64768,-5.44
2018-02-05 16:00:00,6.04,1.18,2914,0,0,0,-4.58
2018-02-06 16:00:00,2.93,-3.82,0,-14985.71,58562,-58752,-6.56
2018-02-07 16:00:00,0.49,-2.16,4966.67,0,215800,-216022,-2.64
2018-02-08 16:00:00,-0.47,1.64,11403.06,0,121582,-122128,2.12
2018-02-09 16:00:00,-4.72,0.57,0,-3203.65,48802,-49300,5.55
2018-02-12 16:00:00,-3.49,4.96,13185.4,0,5207,-4602,8.76
2018-02-13 16:00:00,-2.36,4.37,0,-1789,0,0,6.89
2018-02-14 16:00:00,-1.59,4.09,0,-840,0,0,5.77
2018-02-22 16:00:00,0.54,5.58,4463.71,0,0,-316863,5.01
2018-02-23 16:00:00,1,5.58,0,0,0,0,4.53
2018-02-26 16:00:00,2.17,7.16,4758.84,0,104646,0,4.88
2018-02-27 16:00:00,0.7,7.04,0,-356.2,211313,0,6.3
2018-02-28 16:00:00,-0.18,8.7,4977,0,0,0,8.9
2018-03-01 16:00:00,0.45,10.37,4996,0,545,0,9.88
2018-03-02 16:00:00,-0.36,9.02,0,-4052.53,340,-528,9.41
2018-03-05 16:00:00,-0.32,11.04,6058,0,0,0,11.4
2018-03-06 16:00:00,0.89,12.62,4760.67,0,0,-333,11.63
2018-03-07 16:00:00,0.14,10.77,0,-5568.98,101798,-112788,10.62
2018-03-08 16:00:00,1.16,11.23,1382.74,0,10110,-242675,9.95
2018-03-09 16:00:00,1.94,11.61,1155,0,31288,0,9.49
2018-03-12 16:00:00,2.4,11.98,1092.63,0,209474,0,9.36
2018-03-13 16:00:00,1.5,10.75,0,-3670,2061,0,9.11
2018-03-14 16:00:00,1.05,10.27,0,-1457.49,0,-17495,9.12
2018-03-15 16:00:00,1.62,10.43,488.13,0,12028,-120332,8.67
2018-03-16 16:00:00,0.63,9.91,0,-1552.37,106259,-100028,9.22
2018-03-19 16:00:00,1.08,10.46,1641.28,0,0,-10718,9.28
2018-03-20 16:00:00,1.16,11.15,2066.4,0,54180,-72904,9.88
2018-03-21 16:00:00,0.75,10.05,0,-3282.99,55959,-59200,9.23
2018-03-22 16:00:00,-0.26,8.88,0,-3523.91,150978,-2169,9.16
2018-03-23 16:00:00,-3.12,8.67,0,-633.7,161175,-206535,12.17
2018-03-26 16:00:00,-3.75,8.02,0,-1951.83,101462,-53046,12.23
2018-03-27 16:00:00,-2.92,10.96,8821,0,0,0,14.3
2018-03-28 16:00:00,-4.67,7.21,0,-11249,0,0,12.46
2018-03-29 16:00:00,-3.39,9.41,6604.58,0,50925,-51452,13.25
2018-03-30 16:00:00,-3.28,11.35,5824,0,380,0,15.13
2018-04-02 16:00:00,-3.57,11.39,124.38,0,57112,-57722,15.51
2018-04-03 16:00:00,-4.18,11.16,0,-688.8,167748,-169375,16.01
2018-04-04 16:00:00,-4.37,10.42,0,-2222.35,113565,-112793,15.47
2018-04-09 16:00:00,-4.41,9.94,0,-1434.39,59330,-61290,15.01
2018-04-10 16:00:00,-2.57,11.73,5353.86,0,57707,-55193,14.68
2018-04-11 16:00:00,-2.3,12.77,3130.2,0,50152,-51044,15.42
2018-04-12 16:00:00,-3.28,11.59,0,-3535,832,0,15.37
2018-04-13 16:00:00,-3.96,10.78,0,-2436,0,0,15.35
2018-04-16 16:00:00,-5.51,9.96,0,-2478.03,0,-129406,16.37
2018-04-17 16:00:00,-7,6.27,0,-11057.94,155716,-84706,14.27
2018-04-18 16:00:00,-6.56,5.15,0,-3361.47,263577,-206978,12.53
2018-04-19 16:00:00,-5.43,7.41,6788.23,0,105240,-104098,13.58
2018-04-20 16:00:00,-6.7,4.86,0,-7669.56,2941,-2556,12.39
2018-04-23 16:00:00,-6.56,3.81,0,-3137.44,40010,-149554,11.1
2018-04-24 16:00:00,-4.65,5.2,4157.89,0,84242,-59468,10.33
2018-04-25 16:00:00,-5.02,5.7,1517,0,71180,0,11.29
2018-04-26 16:00:00,-6.83,3.13,0,-7723,0,0,10.69
2018-04-27 16:00:00,-6.8,4.06,2788.53,0,40713,-128218,11.65
2018-05-02 16:00:00,-6.63,4.56,1500,0,0,0,11.98
2018-05-03 16:00:00,-5.9,6.03,4425.17,0,53054,-2570,12.68
2018-05-04 16:00:00,-6.36,5.35,0,-2044.65,69832,-21188,12.51
2018-05-07 16:00:00,-4.88,6.57,3655.47,0,0,-99527,12.04
2018-05-08 16:00:00,-3.78,8.42,5553.5,0,141497,-41456,12.68
2018-05-09 16:00:00,-3.95,8.34,0,-239,512,0,12.8
2018-05-10 16:00:00,-3.42,8.16,0,-538.48,0,-43480,11.99
2018-05-11 16:00:00,-3.92,8.64,1447.88,0,39330,-1285,13.07
2018-05-14 16:00:00,-3.02,8,0,-1920.91,55890,-54530,11.36
2018-05-15 16:00:00,-2.65,8.6,1789.92,0,123432,-120594,11.56
2018-05-16 16:00:00,-3.42,7.84,0,-2266,708,0,11.66
2018-05-17 16:00:00,-4.14,7.5,0,-1036.79,53690,-155408,12.14
2018-05-18 16:00:00,-3.17,8.56,3186.28,0,54094,-1193,12.11
2018-05-21 16:00:00,-2.72,9.09,1596.51,0,47781,0,12.14
2018-05-22 16:00:00,-3.09,8.76,0,-1002.34,41125,-40545,12.23
2018-05-23 16:00:00,-4.37,6.5,0,-6768.48,56600,-58869,11.37
2018-05-24 16:00:00,-5.05,5.91,0,-1772.96,160736,-208575,11.54
2018-05-25 16:00:00,-5.32,4.99,0,-2781,0,0,10.89
2018-05-28 16:00:00,-4.9,5.3,956.71,0,38700,-159041,10.73
2018-05-29 16:00:00,-5.63,5.34,100.83,0,134712,-54538,11.62
2018-05-30 16:00:00,-7.63,3.63,0,-5125.39,104328,-72388,12.19
2018-05-31 16:00:00,-5.67,4.64,3019.95,0,168331,-111466,10.93
2018-06-01 16:00:00,-6.46,3.75,0,-2644.44,29962,-29523,10.92
2018-06-04 16:00:00,-5.54,3.91,473,0,13444,-14000,10
2018-06-05 16:00:00,-4.6,5.34,4271.51,0,27440,-27491,10.42
2018-06-06 16:00:00,-4.8,5.39,148.14,0,56049,-57858,10.7
2018-06-07 16:00:00,-4.96,4.9,0,-1444.26,32759,-31258,10.37
2018-06-08 16:00:00,-6.23,4.01,0,-2694.11,14312,-47150,10.92
2018-06-11 16:00:00,-6.22,2.78,0,-3670.03,15856,-138872,9.6
2018-06-12 16:00:00,-5.08,3.97,3576.27,0,90374,-59716,9.53
2018-06-13 16:00:00,-6.02,2.88,0,-3275.9,70510,-13904,9.47
2018-06-14 16:00:00,-6.39,2.56,0,-966.15,41681,-69150,9.56
2018-06-15 16:00:00,-6.88,0.92,0,-4919.01,104624,-79009,8.38
2018-06-19 16:00:00,-10.16,-2.8,0,-11165.04,174324,-128040,8.19
2018-06-20 16:00:00,-9.81,-2.1,2114.1,0,173423,-149895,8.55
2018-06-21 16:00:00,-10.86,-4.45,0,-7051,1236,0,7.19
2018-06-22 16:00:00,-10.47,-3.18,3807.34,0,128279,-140658,8.14
2018-06-25 16:00:00,-11.67,-3.92,0,-2226,12206,0,8.77
2018-06-26 16:00:00,-12.4,-2.83,3281.82,0,36711,-67184,10.92
2018-06-27 16:00:00,-14.18,-3.12,0,-871.15,27770,-9150,12.89
2018-06-28 16:00:00,-15.07,-3.64,0,-1567.4,50370,-39404,13.46
2018-06-29 16:00:00,-12.9,-1.23,7213.63,0,72350,-85772,13.4
2018-07-02 16:00:00,-15.45,-3.49,0,-6760.32,13377,-1322,14.15
2018-07-03 16:00:00,-15.42,-3.8,0,-947.81,44603,-165449.4,13.74
2018-07-04 16:00:00,-16.55,-5.12,0,-3944.88,160499,-39284,13.7
2018-07-05 16:00:00,-17.08,-6.27,0,-3451.62,9380,-91625,13.04
2018-07-06 16:00:00,-16.52,-6.19,241.71,0,26204,-82291,12.37
2018-07-09 16:00:00,-14.18,-4.23,5882.36,0,86238,-13644,11.59
2018-07-10 16:00:00,-13.98,-3.29,2797.74,0,37821,-30256,12.43
2018-07-11 16:00:00,-15.46,-4.72,0,-4271.35,17626,-16352,12.7
2018-07-12 16:00:00,-13.64,-3.35,4096.88,0,9659,-55917,11.92
2018-07-13 16:00:00,-13.35,-3.37,0,-56.9,48577,-14904,11.52
2018-07-16 16:00:00,-13.86,-3.77,0,-1200,0,0,11.71
2018-07-17 16:00:00,-14.43,-4.44,0,-2014.72,5960,-36921,11.67
2018-07-18 16:00:00,-14.87,-4.74,0,-879.01,15862,-66013,11.9
2018-07-19 16:00:00,-14.95,-4.99,0,-771.08,28371,-39079,11.71
2018-07-20 16:00:00,-13.35,-4.56,1310.26,0,46147,-27742,10.14
2018-07-23 16:00:00,-12.53,-2.41,6443.77,0,161914,-18082,11.57
2018-07-24 16:00:00,-11.14,-0.17,6706.64,0,21170,-21357,12.35
2018-07-25 16:00:00,-11.24,-0.45,0,-818,0,0,12.16
2018-07-26 16:00:00,-12.27,-1.45,0,-3000,0,0,12.33
2018-07-27 16:00:00,-12.64,-1.88,0,-1302.65,8250,-9612,12.32
2018-07-30 16:00:00,-12.8,-1.86,74.63,0,0,-29372,12.55
2018-07-31 16:00:00,-12.73,-1.56,873.91,0,75704,-49168,12.8
2018-08-01 16:00:00,-14.47,-2.43,0,-2602.15,151616,-163427,14.08
2018-08-02 16:00:00,-16.37,-3.32,0,-2669.07,37680,-24286,15.6
2018-08-03 16:00:00,-17.75,-5.35,0,-6091.71,111177,-108985,15.08
2018-08-06 16:00:00,-18.79,-8.4,0,-9159.53,159036,-160090,12.79
2018-08-07 16:00:00,-16.42,-6.75,4964.69,0,151849,-151560,11.57
2018-08-08 16:00:00,-17.77,-9.36,0,-7822,214,0,10.23
2018-08-09 16:00:00,-15.71,-7.57,5374.73,0,116929,-118433,9.66
2018-08-10 16:00:00,-15.53,-7.2,1106.48,0,51889,-50820,9.86
2018-08-13 16:00:00,-15.89,-6.63,1697,0,0,0,11.01
2018-08-14 16:00:00,-16.32,-7.35,0,-2169.32,17092,-17317,10.72
2018-08-15 16:00:00,-18.33,-9.63,0,-6830.11,0,-18111,10.65
2018-08-16 16:00:00,-18.71,-11.34,0,-5141.01,0,-223769,9.07
2018-08-17 16:00:00,-19.88,-14.26,0,-8746.55,241246,0,7.01
2018-08-20 16:00:00,-18.94,-15.45,0,-3562.68,184694,-184667,4.31
2018-08-21 16:00:00,-17.47,-15.22,681.39,0,87180,-86935,2.73
2018-08-22 16:00:00,-17.93,-16.52,0,-3896.59,41206,-41450,1.72
2018-08-23 16:00:00,-17.63,-16.74,0,-665.13,8020,-134037,1.08
2018-08-24 16:00:00,-17.5,-17.27,0,-1583,26836,0,0.28
2018-08-27 16:00:00,-15.49,-15.65,4856.53,0,73835,-1470,-0.19
2018-08-28 16:00:00,-15.65,-15.63,71.82,0,25299,-65678,0.02
2018-08-29 16:00:00,-15.98,-17.37,0,-5224.62,8088,-620,-1.65
2018-08-30 16:00:00,-16.86,-18.04,0,-2031.84,24562,-50819,-1.42
2018-08-31 16:00:00,-17.28,-18.25,0,-617.69,35868,-25723,-1.17
2018-09-03 16:00:00,-17.59,-18.31,0,-176.54,126039,-51025,-0.87
2018-09-04 16:00:00,-16.55,-17.13,3529.79,0,35694,-35796,-0.7
2018-09-05 16:00:00,-18.18,-16.39,2234.7,0,66079,-66371,2.19
2018-09-06 16:00:00,-19.05,-16.89,0,-1505.64,93310,-94282,2.67
2018-09-07 16:00:00,-18.69,-16.87,56.91,0,11415,-10090,2.24
2018-09-10 16:00:00,-19.87,-20.01,0,-9418.98,9042,-8976,-0.17
2018-09-11 16:00:00,-20.01,-19.34,2002.01,0,62025,-62340,0.84
2018-09-12 16:00:00,-20.56,-19.53,0,-566.97,83732,-83572,1.3
2018-09-13 16:00:00,-19.71,-19.05,1442.21,0,42964,-43194,0.82
2018-09-14 16:00:00,-19.57,-20.14,0,-3263.74,818,-743,-0.71
2018-09-17 16:00:00,-20.49,-22.32,0,-6555.12,148207,-148521,-2.3
2018-09-18 16:00:00,-18.89,-20.2,6363.46,0,103710,-103721,-1.62
2018-09-19 16:00:00,-17.82,-18.51,5086,0,0,0,-0.84
2018-09-20 16:00:00,-17.88,-18.06,1332,0,0,0,-0.22
2018-09-21 16:00:00,-15.39,-15.96,6299.24,0,5067,-5759,-0.67
2018-09-25 16:00:00,-16.15,-16.51,0,-1645.18,47192,-46829,-0.43
2018-09-26 16:00:00,-15.22,-15.24,3812.18,0,0,-820,-0.02
2018-09-27 16:00:00,-15.56,-16.56,0,-3953.44,84712,-84590,-1.18
2018-09-28 16:00:00,-14.69,-16.3,780.02,0,42579,-119519,-1.89
2018-10-08 16:00:00,-18.36,-18.12,0,-5471.52,156946,-80496,0.29
2018-10-09 16:00:00,-18.41,-18.36,0,-707.34,82678,-82037,0.06
2018-10-10 16:00:00,-18.59,-18.29,204.12,0,38610,-40172,0.37
2018-10-11 16:00:00,-22.5,-24.22,0,-17799.29,202743,-202896,-2.22
2018-10-12 16:00:00,-21.34,-24.43,0,-622.87,117920,-116787,-3.93
2018-10-15 16:00:00,-22.44,-25.22,0,-2370.71,74062,-74245,-3.58
2018-10-16 16:00:00,-23.07,-26.84,0,-4860.57,36793,-36660,-4.9
2018-10-17 16:00:00,-22.64,-25.33,4527.61,0,0,-224245,-3.48
2018-10-18 16:00:00,-24.47,-27.29,0,-5857.51,223675,0,-3.73
2018-10-19 16:00:00,-22.23,-25.37,5735.49,0,140114,-140306,-4.04
2018-10-22 16:00:00,-18.87,-20.8,13713,0,0,0,-2.38
2018-10-23 16:00:00,-21.02,-23.39,0,-7751,0,0,-3
2018-10-24 16:00:00,-20.91,-23.02,1109,0,0,0,-2.67
2018-10-25 16:00:00,-20.75,-22.5,1553,0,0,0,-2.21
2018-10-26 16:00:00,-21.27,-21.33,3507,0,0,0,-0.08
2018-10-29 16:00:00,-23.67,-22.51,0,-3528.46,38640,-77440,1.52
2018-10-30 16:00:00,-22.84,-22,1519.09,0,192396,-155365,1.09
2018-10-31 16:00:00,-21.76,-18.67,9977.77,0,39104,-37560,3.95
2018-11-01 16:00:00,-21.18,-16.79,5649.36,0,1512,-1638,5.57
2018-11-02 16:00:00,-18.37,-14.06,8198.99,0,0,-258007,5.28
2018-11-05 16:00:00,-19.05,-14,170,0,179941,0,6.24
2018-11-06 16:00:00,-19.54,-14.4,0,-1206.65,8656,-15654,6.39
2018-11-07 16:00:00,-20.07,-14.4,10.16,0,7305,-15839,7.09
2018-11-08 16:00:00,-20.3,-14.75,0,-1041.97,43862,0,6.96
2018-11-09 16:00:00,-21.42,-15.5,0,-2260.91,0,-123169,7.53
2018-11-12 16:00:00,-20.48,-15.43,222.3,0,0,-32696,6.35
2018-11-13 16:00:00,-19.68,-15,1293.47,0,85415,-7175,5.83
2018-11-14 16:00:00,-20.49,-15.42,0,-1271.53,158568,-33888,6.38
2018-11-15 16:00:00,-19.56,-14.11,3927,0,1431,0,6.78
2018-11-16 16:00:00,-19.18,-13.93,547.24,0,8184,-7761,6.5
2018-11-19 16:00:00,-18.27,-13.93,7,0,0,0,5.31
2018-11-20 16:00:00,-20.16,-16.22,0,-6879.14,0,-1145,4.93
2018-11-21 16:00:00,-19.96,-17.13,0,-2725.85,40956,-125777,3.54
2018-11-22 16:00:00,-20.25,-17.23,0,-316,0,0,3.79
2018-11-23 16:00:00,-22.01,-18.33,0,-3287.75,82395,-114521,4.72
2018-11-26 16:00:00,-22.07,-18.47,0,-434.06,196052,-79089,4.62
2018-11-27 16:00:00,-22.17,-17.66,2443.23,0,0,-6774,5.79
2018-11-28 16:00:00,-21.13,-17.19,1410.85,0,8297,-2154,5
2018-11-29 16:00:00,-22.16,-19.64,0,-7354.67,40049,-39444,3.24
2018-11-30 16:00:00,-21.29,-17.98,4977.6,0,78456,-78501,4.21
2018-12-03 16:00:00,-19.1,-15.56,7273,0,500,0,4.38
2018-12-04 16:00:00,-18.93,-15.19,1085.8,0,41630,-41875,4.61
2018-12-05 16:00:00,-19.32,-15.79,0,-1783.66,82300,-84868,4.38
2018-12-06 16:00:00,-21.07,-17.07,0,-3845,2430,0,5.07
2018-12-07 16:00:00,-21.07,-16.6,1424.41,0,0,-1588,5.66
2018-12-10 16:00:00,-21.98,-16.15,1351.32,0,42624,-80273,7.47
2018-12-11 16:00:00,-21.61,-14.19,5856.95,0,160497,-123910,9.47
2018-12-12 16:00:00,-21.34,-13.81,1136.5,0,1854,-504,9.57
2018-12-13 16:00:00,-20.12,-13.04,2315,0,988,0,8.86
2018-12-14 16:00:00,-21.46,-14.43,0,-4149.58,46702,-46900,8.95
2018-12-17 16:00:00,-21.57,-14.38,143.43,0,0,-115659,9.17
2018-12-18 16:00:00,-22.39,-14.53,0,-455.52,115250,0,10.13
2018-12-19 16:00:00,-23.31,-14.62,0,-266.3,0,-47744,11.33
2018-12-20 16:00:00,-23.9,-13.75,2619.78,0,159505,-112912,13.34
2018-12-21 16:00:00,-24.84,-14.34,0,-1781.84,4808,-3844,13.97
2018-12-24 16:00:00,-24.63,-13.22,3345.62,0,2628,-2382,15.14
2018-12-25 16:00:00,-25.15,-12.37,2548.95,0,44436,-44829,17.07
2018-12-26 16:00:00,-25.52,-12.59,0,-643,361,0,17.36
2018-12-27 16:00:00,-25.81,-13.59,0,-3000.54,44045,-44365,16.47
2018-12-28 16:00:00,-25.31,-12.63,2890.55,0,80667,-80557,16.98
2019-01-02 16:00:00,-26.33,-13.77,0,-3438.23,130598,-131497,17.05
2019-01-03 16:00:00,-26.45,-11.31,7399.85,0,44074,-43909,20.58
2019-01-04 16:00:00,-24.68,-7.38,11762.21,0,28270,-28030,22.97
2019-01-07 16:00:00,-24.23,-4.88,7503.78,0,92577,-100980,25.54
2019-01-08 16:00:00,-24.39,-3.92,2889,0,7878,0,27.07
2019-01-09 16:00:00,-23.63,-2.68,3716,0,0,0,27.43
2019-01-10 16:00:00,-23.77,-3.08,0,-1191.75,10023,-49086,27.14
2019-01-11 16:00:00,-23.22,-2.69,1167.62,0,125888,-89053,26.74
2019-01-14 16:00:00,-23.89,-4.14,0,-4363.01,23135,-21006,25.95
2019-01-15 16:00:00,-22.4,-3.54,1826.52,0,123969,-125891,24.3
2019-01-16 16:00:00,-22.38,-4.04,0,-1511.19,85261,-84593,23.63
2019-01-17 16:00:00,-22.81,-5.25,0,-3635.24,9516,-9243,22.75
2019-01-18 16:00:00,-21.4,-4.42,2504.26,0,46920,-46225,21.6
2019-01-21 16:00:00,-20.97,-4.83,0,-1254.82,43216,-43332,20.42
2019-01-22 16:00:00,-22.02,-6.19,0,-4068.77,36543,-36920,20.3
2019-01-23 16:00:00,-22.07,-6.57,0,-1140.63,0,-106144,19.89
2019-01-24 16:00:00,-21.63,-6.13,1331.77,0,45360,-75179,19.78
2019-01-25 16:00:00,-21,-5.62,1527.51,0,184845,-49632,19.47
2019-01-28 16:00:00,-21.01,-6.51,0,-2665.13,10491,-10126,18.36
2019-01-29 16:00:00,-20.76,-7.28,0,-2318.46,86017,-88595,17.01
2019-01-30 16:00:00,-21.39,-7.35,0,-219.83,47885,-45178,17.86
2019-01-31 16:00:00,-20.57,-7.48,0,-378,37150,-37445,16.48
2019-02-01 16:00:00,-19.44,-4.92,7681.31,0,34179,-34073,18.02
2019-02-11 16:00:00,-17.97,-3.9,3038.61,0,48670,-49320,17.15
2019-02-12 16:00:00,-17.38,-1.21,8071.14,0,50433,-49963,19.57
2019-02-13 16:00:00,-15.72,1.65,8578.11,0,9900,-10887,20.61
2019-02-14 16:00:00,-15.6,3.28,4892.94,0,152780,-152415,22.37
2019-02-15 16:00:00,-17.17,2.68,0,-1779.45,516,-56750,23.96
2019-02-18 16:00:00,-14.52,5.24,7663.72,0,60818,-4818,23.12
2019-02-19 16:00:00,-14.67,5.26,53.11,0,37089,-36926,23.36
2019-02-20 16:00:00,-14.36,5.54,840.43,0,0,-50560,23.24
2019-02-21 16:00:00,-14.59,4.76,0,-2337.69,0,-690,22.66
2019-02-22 16:00:00,-12.67,5.58,2464.3,0,0,-10698,20.9
2019-02-25 16:00:00,-7.48,11.42,17527.68,0,220624,-163632,20.43
2019-02-26 16:00:00,-8.59,12.28,2588,0,5066,0,22.83
2019-02-27 16:00:00,-8.74,12.47,551.98,0,0,-56816,23.24
2019-02-28 16:00:00,-8.97,11.82,0,-1937.03,53533,-41674,22.84
2019-03-01 16:00:00,-6.97,14.02,6598,0,0,0,22.56
2019-03-04 16:00:00,-5.87,15.63,4819.17,0,39300,0,22.84
2019-03-05 16:00:00,-5.33,16.34,2152,0,5040,0,22.89
2019-03-06 16:00:00,-4.53,17.09,2226.11,0,0,-244712,22.65
2019-03-07 16:00:00,-5.51,15.37,0,-5150.36,248726,-5081,22.1
2019-03-08 16:00:00,-9.26,11.17,0,-12601,980,0,22.51
2019-03-11 16:00:00,-7.46,13.82,7967.84,0,252422,-266496,23
2019-03-12 16:00:00,-6.83,12.46,0,-4095.12,79384,-65800,20.7
2019-03-13 16:00:00,-7.61,11.28,0,-3553.39,59895,-60200,20.45
2019-03-14 16:00:00,-8.25,10.77,0,-1511,0,0,20.73
2019-03-15 16:00:00,-7.09,14.87,12299,0,0,0,23.64
2019-03-18 16:00:00,-4.44,17.5,7885,0,0,0,22.96
2019-03-19 16:00:00,-4.88,16.82,0,-2029.99,697,-993,22.81
2019-03-20 16:00:00,-4.85,15.81,0,-3032.31,116570,-272274,21.71
2019-03-21 16:00:00,-4.81,15.55,0,-778.36,116914,-72154,21.39
2019-03-22 16:00:00,-4.89,15.26,0,-873.71,169726,-60470,21.19
2019-03-25 16:00:00,-7.15,13.29,0,-5910.87,116006,-172559,22.01
2019-03-26 16:00:00,-8.2,10.37,0,-8768.47,55969,0,20.23
2019-03-27 16:00:00,-7.13,10.1,0,-797.52,0,-221926,18.55
2019-03-28 16:00:00,-7.5,9.2,0,-2705.75,272207,-54161,18.05
2019-03-29 16:00:00,-3.93,13.1,11685.46,0,51480,-48760,17.73
2019-04-01 16:00:00,-1.41,17.96,14585,0,2304,0,19.65
2019-04-02 16:00:00,-1.48,17.61,0,-1046,284,0,19.38
2019-04-03 16:00:00,-0.22,20.6,8980.72,0,0,-278,20.87
2019-04-04 16:00:00,0.78,20.85,735,0,0,0,19.91
2019-04-08 16:00:00,0.65,20.18,0,-2017,0,0,19.4
2019-04-09 16:00:00,1.11,21.3,3359.8,0,60200,-300118,19.97
2019-04-10 16:00:00,1.36,23.81,7543.88,0,243601,-57360,22.15
2019-04-11 16:00:00,-0.83,19.7,0,-12336.99,55292,-2397,20.7
2019-04-12 16:00:00,-1.05,18.99,0,-2113.55,108164,-108094,20.25
2019-04-15 16:00:00,-1.37,17.15,0,-5533,0,0,18.78
2019-04-16 16:00:00,1.36,19.2,6152.01,0,116767,-116675,17.6
2019-04-17 16:00:00,1.4,20.21,3046,0,0,0,18.55
2019-04-18 16:00:00,1.02,20.78,1702.8,0,121036,-121894,19.56
2019-04-19 16:00:00,2.23,19.25,0,-4607.14,0,-30045,16.65
2019-04-22 16:00:00,-0.13,21.06,5426.56,0,27464,-5572,21.22
2019-04-23 16:00:00,-0.29,19.19,0,-5581.05,97180,-110810,19.54
2019-04-24 16:00:00,-0.02,20.27,3218.8,0,115670,-93855,20.29
2019-04-25 16:00:00,-2.21,16.6,0,-11003.54,120988,-121118,19.24
2019-04-26 16:00:00,-3.51,13.42,0,-9529.85,252756,-253203,17.55
2019-04-29 16:00:00,-3.24,10.58,0,-8537,255,0,14.28
2019-04-30 16:00:00,-2.92,11.27,2067.25,0,173269,-173557,14.62
2019-05-06 16:00:00,-8.59,2.77,0,-25501.55,229294,-229751,12.43
2019-05-07 16:00:00,-7.7,4.52,5248.18,0,222582,-222853,13.24
2019-05-08 16:00:00,-9.02,3.63,0,-2662.89,151768,-151920,13.9
2019-05-09 16:00:00,-10.7,3.49,0,-428.89,730,-888,15.89
2019-05-10 16:00:00,-7.45,4.44,2876.54,0,0,-313586,12.85
2019-05-13 16:00:00,-8.98,7.23,8361.91,0,311430,0,17.81
2019-05-14 16:00:00,-9.57,4.5,0,-8179,1756,0,15.56
2019-05-15 16:00:00,-7.54,6.53,6063.95,0,47470,-50544,15.22
2019-05-16 16:00:00,-7.12,6.55,78,0,2682,0,14.72
2019-05-17 16:00:00,-9.48,2.38,0,-12517,346,0,13.1
2019-05-20 16:00:00,-10.25,2.76,1137.12,0,50490,-147628,14.5
2019-05-21 16:00:00,-9.03,4.8,6111.5,0,96466,0,15.2
2019-05-22 16:00:00,-9.46,4.4,0,-1202.14,156023,-157183,15.31
2019-05-23 16:00:00,-11.09,3.06,0,-4018.77,2200,-2771,15.91
2019-05-24 16:00:00,-10.84,2.72,0,-1008.73,29039,-55928,15.21
2019-05-27 16:00:00,-9.77,4.23,4525.99,0,25032,-48478,15.52
2019-05-28 16:00:00,-8.9,4.46,703,0,51502,0,14.67
2019-05-29 16:00:00,-9.1,5.24,2344.07,0,63439,-63503,15.78
2019-05-30 16:00:00,-9.67,3.85,0,-4191.95,15848,-114969,14.97
2019-05-31 16:00:00,-9.95,3.3,0,-1647.59,47588,-74298,14.71
2019-06-03 16:00:00,-9.89,2.83,0,-1390.05,39511,-32049,14.12
2019-06-04 16:00:00,-10.73,2.12,0,-2152.78,100459,-86776,14.39
2019-06-05 16:00:00,-10.76,2.59,1433.62,0,29678,-27384,14.96
2019-06-06 16:00:00,-11.57,1.15,0,-4325.29,28625,-61285,14.38
2019-06-10 16:00:00,-10.42,2.79,4907.31,0,202961,-67603,14.75
2019-06-11 16:00:00,-7.73,6.2,10234.49,0,19088,-19513,15.1
2019-06-12 16:00:00,-8.43,4.98,0,-3674,528,0,14.64
2019-06-13 16:00:00,-8.57,5.43,1350.46,0,10017,-10536,15.31
2019-06-14 16:00:00,-9.33,7.52,6285.94,0,29400,-31712,18.58
2019-06-17 16:00:00,-9.33,5.17,0,-7051.79,2080,-21790,15.99
2019-06-18 16:00:00,-9.01,7.44,6814.21,0,21216,-47360,18.08
2019-06-19 16:00:00,-7.81,10.02,7745.23,0,151990,-227551,19.34
2019-06-20 16:00:00,-5.02,12.21,6562.77,0,195212,-71764,18.14
2019-06-21 16:00:00,-4.89,13.64,4282,0,0,0,19.48
2019-06-24 16:00:00,-4.7,12.02,0,-4859.23,52188,-53148,17.54
2019-06-25 16:00:00,-5.69,11.58,0,-1329,1336,0,18.31
2019-06-26 16:00:00,-5.87,11.67,295.71,0,0,-4894,18.63
2019-06-27 16:00:00,-4.86,12.78,3323.61,0,25866,-21736,18.54
2019-06-28 16:00:00,-5.09,11.55,0,-3702.04,57056,-55848,17.53
2019-07-01 16:00:00,-2.36,15.72,12526.99,0,0,-205199,18.52
2019-07-02 16:00:00,-2.32,16.2,1433.07,0,205643,0,18.96
2019-07-03 16:00:00,-3.41,16.52,956.84,0,54141,-55017,20.63
2019-07-04 16:00:00,-3.91,16.48,0,-113.44,0,-1444,21.22
2019-07-05 16:00:00,-3.41,16.91,1281.28,0,25846,-26215,21.04
2019-07-08 16:00:00,-5.66,14.47,0,-7321.57,27540,-27630,21.34
2019-07-09 16:00:00,-5.9,15.39,2769.62,0,56055,-120885,22.62
2019-07-10 16:00:00,-6.06,15.14,0,-769.79,66234,0,22.57
2019-07-11 16:00:00,-6.09,15.17,117.19,0,0,-119047,22.64
2019-07-12 16:00:00,-5.51,16.22,3130.07,0,182033,-62640,23
2019-07-15 16:00:00,-5.13,17.39,3526.4,0,83787,-83200,23.74
2019-07-16 16:00:00,-5.56,17.61,656.32,0,23330,-23360,24.53
2019-07-17 16:00:00,-5.61,18,1175.92,0,23530,-26670,25.01
2019-07-18 16:00:00,-6.51,16.04,0,-5892.33,62532,-60060,24.12
2019-07-19 16:00:00,-5.53,16.84,2392.27,0,1115,-57225,23.68
2019-07-22 16:00:00,-6.18,14.92,0,-5762.77,57650,0,22.49
2019-07-23 16:00:00,-5.98,15.65,2199.89,0,155151,-156305,23.01
2019-07-24 16:00:00,-5.24,16.21,1691.21,0,25933,-24720,22.64
2019-07-25 16:00:00,-4.46,17.28,3185.32,0,24316,-24983,22.75
2019-07-26 16:00:00,-4.27,18.05,2327.51,0,47792,-47414,23.32
2019-07-29 16:00:00,-4.38,18.23,531.5,0,119127,-119981,23.65
2019-07-30 16:00:00,-3.98,19.48,3769.76,0,0,-1238,24.43
2019-07-31 16:00:00,-4.85,19.63,439.07,0,2944,-930,25.73
2019-08-01 16:00:00,-5.64,19.52,0,-337.99,0,-221902,26.66
2019-08-02 16:00:00,-7.03,19.87,1046.91,0,268805,-49975,28.93
2019-08-05 16:00:00,-8.81,17.57,0,-6890.43,23661,-24096,28.93
2019-08-06 16:00:00,-9.79,14.39,0,-9544.14,221810,-219225,26.8
2019-08-07 16:00:00,-10.16,15.03,1936.08,0,117921,-117869,28.04
2019-08-08 16:00:00,-8.97,15.29,762.32,0,2550,-2680,26.65
2019-08-09 16:00:00,-9.86,13.11,0,-6546.4,595,0,25.48
2019-08-12 16:00:00,-8.23,15.51,7218.17,0,112379,-113569,25.87
2019-08-13 16:00:00,-9.06,13.95,0,-4699,514,0,25.3
2019-08-14 16:00:00,-8.64,14.69,2231,0,0,0,25.54
2019-08-15 16:00:00,-8.36,15.07,1151.5,0,152562,-152771,25.57
2019-08-16 16:00:00,-7.95,17.74,7985.94,0,115225,-115862,27.91
2019-08-19 16:00:00,-5.95,21.4,10991.17,0,5340,-4830,29.08
2019-08-20 16:00:00,-6.03,22.94,4632,0,337,0,30.83
2019-08-21 16:00:00,-6.18,23.22,830.39,0,68007,-68422,31.34
2019-08-22 16:00:00,-5.89,24.28,3187.41,0,0,-595,32.06
2019-08-23 16:00:00,-5.21,24.02,0,-782.49,73674,-75175,30.84
2019-08-26 16:00:00,-6.57,21.12,0,-8695.14,294414,-292932,29.64
2019-08-27 16:00:00,-5.31,24.05,8789.51,0,57470,-57460,31.01
2019-08-28 16:00:00,-5.66,23.48,0,-1717.8,5675,-5796,30.89
2019-08-29 16:00:00,-5.97,23.71,679.55,0,3474,-3450,31.56
2019-08-30 16:00:00,-5.74,23.71,0,-5.86,5640,-5856,31.24
2019-09-02 16:00:00,-4.53,27.15,10337.58,0,58724,-59444,33.18
2019-09-03 16:00:00,-4.4,26.77,0,-1150,1057,0,32.6
2019-09-04 16:00:00,-3.59,26.74,0,-97.9,59200,-235582,31.46
2019-09-05 16:00:00,-2.62,27.9,3479.14,0,241717,-66218,31.34
2019-09-06 16:00:00,-2.04,27.08,0,-2453.72,6166,-5725,29.73
2019-09-09 16:00:00,-1.44,29.12,6117.44,0,2538,-3564,31.01
2019-09-10 16:00:00,-1.78,28.11,0,-3007.96,6268,-5955,30.43
2019-09-11 16:00:00,-2.5,28.22,305.33,0,54600,-64495,31.51
2019-09-12 16:00:00,-1.45,27.79,0,-1267.09,9600,-1085,29.67
2019-09-16 16:00:00,-1.81,28.17,1144.57,0,57215,-56816,30.53
2019-09-17 16:00:00,-3.46,27.73,0,-1342.63,0,-252837,32.31
2019-09-18 16:00:00,-3,27.86,392.96,0,269296,-15649,31.81
2019-09-19 16:00:00,-2.64,29.58,5179.12,0,73593,-75842,33.09
2019-09-20 16:00:00,-2.36,31.19,4810.43,0,1495,-6571,34.36
2019-09-23 16:00:00,-3.48,29.69,0,-4504.6,146571,-147412,34.37
2019-09-24 16:00:00,-3.22,30.45,2286.66,0,65704,-61134,34.79
2019-09-25 16:00:00,-3.97,28.84,0,-4814.98,50746,-54905,34.17
2019-09-26 16:00:00,-4.71,26.17,0,-8032.53,65479,-63080,32.41
2019-09-27 16:00:00,-4.42,30.14,11930.76,0,168371,-163829,36.16
2019-09-30 16:00:00,-5.37,32.76,7846.7,0,82180,-82428,40.29
2019-10-08 16:00:00,-4.79,34.99,6698.44,0,4500,-4560,41.78
2019-10-09 16:00:00,-4.65,37.07,6231.41,0,59706,-59549,43.75
2019-10-10 16:00:00,-3.88,39.54,7400.32,0,6602,-6680,45.17
2019-10-11 16:00:00,-2.96,38.23,0,-3905,0,0,42.45
2019-10-14 16:00:00,-1.93,38.44,621.38,0,58191,-58292,41.16
2019-10-15 16:00:00,-2.35,35.59,0,-8541.84,185397,-186101,38.85
2019-10-16 16:00:00,-2.68,35.98,1147.21,0,133293,-147312,39.72
2019-10-17 16:00:00,-2.62,35.43,0,-1645.88,55524,-46806,39.07
2019-10-18 16:00:00,-4.01,34.6,0,-2477.62,66300,-61411,40.22
2019-10-21 16:00:00,-3.72,32.8,0,-5397.75,68090,-154556,37.93
2019-10-22 16:00:00,-3.35,33.86,3160.37,0,208626,-123690,38.5
2019-10-23 16:00:00,-3.96,37.51,10962.28,0,1286,-722,43.18
2019-10-24 16:00:00,-3.97,35.41,0,-6304.89,113844,-113481,41.01
2019-10-25 16:00:00,-3.33,34.06,0,-4054.38,134858,-138934,38.68
2019-10-28 16:00:00,-2.59,34.7,1937,0,4061,0,38.28
2019-10-29 16:00:00,-2.99,31.73,0,-8910.61,4942,-4612,35.79
2019-10-30 16:00:00,-3.46,31.21,0,-1561.1,64535,-66152,35.91
2019-10-31 16:00:00,-3.57,30.13,0,-3240.41,66901,-184775,34.95
2019-11-01 16:00:00,-1.95,31.69,4660.51,0,185796,-67080,34.31
2019-11-04 16:00:00,-1.31,33.03,4026,0,0,0,34.8
2019-11-05 16:00:00,-0.7,32.57,0,-1370.6,66782,-67245,33.5
2019-11-06 16:00:00,-1.14,31.99,0,-1735.18,4554,-4183,33.51
2019-11-07 16:00:00,-0.97,34.35,7079.13,0,4249,-4867,35.67
2019-11-08 16:00:00,-1.43,34.16,0,-584.08,63218,-63261,36.11
2019-11-11 16:00:00,-3.17,32.15,0,-6019.05,129054,-138949,36.48
2019-11-12 16:00:00,-3.15,32.85,2090.71,0,74833,-255941,37.17
2019-11-13 16:00:00,-3.25,34.01,3493.05,0,190749,0,38.51
2019-11-14 16:00:00,-3.1,35.41,4194.88,0,61036,-62660,39.74
2019-11-15 16:00:00,-3.81,33.51,0,-5699.91,118892,-117858,38.8
2019-11-18 16:00:00,-3.05,34.43,2767.37,0,49036,-50051,38.66
2019-11-19 16:00:00,-2.08,36.07,4924,0,1390,0,38.96
2019-11-20 16:00:00,-3.05,34.08,0,-5973.44,69863,-70213,38.3
2019-11-21 16:00:00,-3.5,34,0,-241.7,61019,-75919,38.86
2019-11-22 16:00:00,-4.49,32.4,0,-4817.86,144668,-135868,38.62
2019-11-25 16:00:00,-3.79,32.49,275.56,0,125351,-119893,37.71
2019-11-26 16:00:00,-3.45,31.63,0,-2581.44,125028,-124800,36.33
2019-11-27 16:00:00,-3.85,31.32,0,-921.37,116629,-117045,36.58
2019-11-28 16:00:00,-4.18,30.62,0,-2113,0,0,36.32
2019-11-29 16:00:00,-5.02,30.48,0,-405.72,10398,-11720,37.38
2019-12-02 16:00:00,-4.83,31,1543,0,1532,0,37.65
2019-12-03 16:00:00,-4.46,30.01,0,-2948.63,85493,-85983,36.08
2019-12-04 16:00:00,-4.49,30.18,514.34,0,180325,-182863,36.3
2019-12-05 16:00:00,-3.76,31.46,3814.31,0,59384,-57600,36.6
2019-12-06 16:00:00,-3.19,31.69,700.55,0,115374,-115789,36.03
2019-12-09 16:00:00,-3.36,32.04,1053,0,980,0,36.63
2019-12-10 16:00:00,-3.24,32.39,1051.8,0,14520,-15195,36.82
2019-12-11 16:00:00,-3.18,32.63,718.51,0,55152,-55102,36.99
2019-12-12 16:00:00,-3.47,32.68,148.63,0,19551,-19369,37.45
2019-12-13 16:00:00,-1.55,34.85,6497.72,0,189525,-190292,36.97
2019-12-16 16:00:00,-1.07,35.77,2775.75,0,3102,-2247,37.24
2019-12-17 16:00:00,0.27,36.73,2871.07,0,168986,-170946,36.36
2019-12-18 16:00:00,0.05,36.96,696.97,0,2115,-1028,36.89
2019-12-19 16:00:00,-0.09,37.14,552.05,0,0,-15950,37.26
2019-12-20 16:00:00,-0.34,36.26,0,-2649.29,15449,-56883,36.72
2019-12-23 16:00:00,-1.58,33.5,0,-8284.24,89416,-34882,35.64
2019-12-24 16:00:00,-0.94,36.81,9921.55,0,135175,-256167,38.11
2019-12-25 16:00:00,-0.99,36.58,0,-689.18,126764,-3165,37.95
2019-12-26 16:00:00,-0.12,37.01,1290.45,0,96129,-101215,37.17
2019-12-27 16:00:00,-0.22,38.83,5466.87,0,6024,-2133,39.14
2019-12-30 16:00:00,1.26,40.41,4755.31,0,26466,-26646,38.66
2019-12-31 16:00:00,1.63,40.66,736.69,0,5327,-4314,38.4
2020-01-02 16:00:00,3.01,42.64,5951.19,0,35706,-35604,38.47
2020-01-03 16:00:00,2.83,41.89,0,-2265.46,154189,-155160,37.99
2020-01-06 16:00:00,2.44,42.5,1829.08,0,0,-130108,39.11
2020-01-07 16:00:00,3.21,43.76,3791.14,0,205287,-76019,39.29
2020-01-08 16:00:00,2.02,42.28,0,-4447.56,2658,-1560,39.46
2020-01-09 16:00:00,3.31,44.62,7025.14,0,26400,-29680,39.99
2020-01-10 16:00:00,3.28,43.47,0,-3461.47,12508,-9475,38.91
2020-01-13 16:00:00,4.3,46.21,8240.35,0,131180,-139080,40.18
2020-01-14 16:00:00,3.95,48.51,6873.83,0,48954,-43010,42.87
2020-01-15 16:00:00,3.37,49.64,3393,0,1851,0,44.76
2020-01-16 16:00:00,2.93,49.45,0,-569.05,108450,-219152,45.2
2020-01-17 16:00:00,3.08,49.51,184.08,0,104876,-48510,45.04
2020-01-20 16:00:00,3.84,51.15,4937.45,0,207473,-156546,45.56
2020-01-21 16:00:00,2.07,50.49,0,-1984.06,55938,-54964,47.44
2020-01-22 16:00:00,2.51,48.76,0,-5193.36,150431,-214544,45.12
2020-01-23 16:00:00,-0.67,45.24,0,-10559.73,141729,-77976,46.22
2020-02-03 16:00:00,-8.5,35.3,0,-29814.1,66330,-106812,47.87
2020-02-04 16:00:00,-6.08,32.79,0,-7528.2,326203,-284442,41.39
2020-02-05 16:00:00,-5.02,36.13,10002,0,0,0,43.32
2020-02-06 16:00:00,-3.25,37.91,5341.41,0,69519,-69664,42.54
2020-02-07 16:00:00,-3.25,37.46,0,-1346.58,0,-412803,42.08
2020-02-10 16:00:00,-2.85,37.46,0,0,0,0,41.49
2020-02-11 16:00:00,-1.94,37.46,0,0,0,0,40.18
2020-02-12 16:00:00,-1.15,37.46,0,0,0,0,39.06
2020-02-13 16:00:00,-1.76,37.7,730,0,408019,0,40.17
2020-02-14 16:00:00,-1.07,35.14,0,-7693.86,137424,-135429,36.6
2020-02-17 16:00:00,1.16,39.44,12896.82,0,62058,-60725,37.84
2020-02-18 16:00:00,0.66,43.4,11885,0,492,0,42.46
2020-02-19 16:00:00,0.51,45.44,6120,0,0,0,44.7
2020-02-20 16:00:00,2.82,48.17,8207,0,0,0,44.11
2020-02-21 16:00:00,2.94,50.93,8257,0,0,0,46.62
2020-02-24 16:00:00,2.53,50.94,51.83,0,75050,-291526,47.22
2020-02-25 16:00:00,2.31,49.22,0,-5175.06,0,-85554,45.85
2020-02-26 16:00:00,1.05,42.55,0,-20000.87,296521,-68133,41.07
2020-02-27 16:00:00,1.34,41.13,0,-4252.6,428099,-355693,39.26
2020-02-28 16:00:00,-2.25,38.18,0,-8851.44,0,-340441,41.36
2020-03-02 16:00:00,0.96,43.1,14742.61,0,410176,-74084,41.74
2020-03-03 16:00:00,1.5,46.49,10168,0,3755,0,44.33
2020-03-04 16:00:00,2.09,44.96,0,-4585,0,0,41.99
2020-03-05 16:00:00,4.36,46.94,5946.31,0,0,-441306,40.8
2020-03-06 16:00:00,2.67,46.42,0,-1555.31,440473,0,42.61
2020-03-09 16:00:00,-0.84,45.16,0,-3791.44,0,-73150,46.39
2020-03-10 16:00:00,1.29,50.46,15909.09,0,291390,-218990,48.54
2020-03-11 16:00:00,-0.06,48.13,0,-6994,430,0,48.22
2020-03-12 16:00:00,-1.98,44.97,0,-9484.42,436,-418,47.9
2020-03-13 16:00:00,-3.36,40.21,0,-14289.14,0,-306420,45.08
2020-03-16 16:00:00,-7.52,33.81,0,-19199.13,305927,0,44.69
2020-03-17 16:00:00,-7.97,33.34,0,-1387.58,224592,-225262,44.89
2020-03-18 16:00:00,-9.79,31.37,0,-5913.21,68410,-68388,45.63
2020-03-19 16:00:00,-10.96,30.32,0,-3149.75,259733,-260394,46.36
2020-03-20 16:00:00,-9.37,32.8,7439.06,0,1942,-1942,46.53
2020-03-23 16:00:00,-12.42,28.54,0,-12774.35,0,-385612,46.77
2020-03-24 16:00:00,-10.07,28.54,0,0,0,0,42.93
2020-03-25 16:00:00,-7.65,28.54,0,0,0,0,39.19
2020-03-26 16:00:00,-8.26,29.09,1624,0,61480,0,40.71
2020-03-27 16:00:00,-7.96,29.38,893,0,25196,0,40.57
2020-03-30 16:00:00,-8.85,28.71,0,-2019.6,48877,-11604,41.21
2020-03-31 16:00:00,-8.55,28.51,0,-593.89,56922,-23887,40.52
2020-04-01 16:00:00,-8.83,28.68,496.71,0,61973,-10290,41.14
2020-04-02 16:00:00,-7.35,29.53,2556.93,0,0,-32074,39.81
2020-04-03 16:00:00,-7.88,29.66,395,0,95459,0,40.75
2020-04-07 16:00:00,-5.78,32.42,8276.85,0,12830,-38151,40.54
2020-04-08 16:00:00,-6.21,32.46,126.89,0,53195,-26112,41.23
2020-04-09 16:00:00,-5.91,32.29,0,-505.6,39704,-38600,40.6
2020-04-10 16:00:00,-6.49,30.51,0,-5351.33,35372,-52327,39.57
2020-04-13 16:00:00,-6.89,30.67,485.97,0,255651,-135120,40.34
2020-04-14 16:00:00,-5.09,32.5,5487.6,0,30670,-25403,39.61
2020-04-15 16:00:00,-5.79,30.09,0,-7223.91,45769,-45912,38.09
2020-04-16 16:00:00,-5.67,31.2,3321.08,0,6492,-5918,39.09
2020-04-17 16:00:00,-4.75,31.75,1642.62,0,55380,-55311,38.32
2020-04-20 16:00:00,-4.4,33.02,3819.3,0,12930,-12699,39.14
2020-04-21 16:00:00,-5.53,31.69,0,-3987,0,0,39.4
2020-04-22 16:00:00,-4.75,31.16,0,-1604.43,0,-325749,37.7
2020-04-23 16:00:00,-4.99,29.65,0,-4521.49,326217,-13940,36.46
2020-04-24 16:00:00,-5.8,26.57,0,-9242.49,106101,-94208,34.36
2020-04-27 16:00:00,-5.16,25.68,0,-2683.42,128395,-195026,32.52
2020-04-28 16:00:00,-4.51,24.76,0,-2732.42,130607,-63536,30.65
2020-04-29 16:00:00,-4.06,23.36,0,-4210.58,73510,-73856,28.58
2020-04-30 16:00:00,-2.93,24.5,3417.29,0,122427,-122500,28.26
2020-05-06 16:00:00,-2.35,25.31,2440,0,0,0,28.33
2020-05-07 16:00:00,-2.63,24.91,0,-1224.44,63393,-63520,28.28
2020-05-08 16:00:00,-1.67,25.85,2835.24,0,37723,-39618,27.99
2020-05-11 16:00:00,-1.75,25.62,0,-679,1794,0,27.86
2020-05-12 16:00:00,-1.75,25.82,597.48,0,129685,-131611,28.06
2020-05-13 16:00:00,-1.55,25.8,0,-74.22,0,-77545,27.78
2020-05-14 16:00:00,-2.62,25.34,0,-1372.76,204371,-127210,28.71
2020-05-15 16:00:00,-2.93,24.99,0,-1045.38,0,-63790,28.76
2020-05-18 16:00:00,-2.68,23.69,0,-3917.25,77378,-12680,27.1
2020-05-19 16:00:00,-1.85,23.57,0,-345.33,99411,-98883,25.9
2020-05-20 16:00:00,-2.37,23.44,0,-383.72,62606,-62443,26.44
2020-05-21 16:00:00,-2.9,21.93,0,-4547.53,61974,-63920,25.57
2020-05-22 16:00:00,-5.13,21.77,0,-482.71,0,-178968,28.35
2020-05-25 16:00:00,-5,20.53,0,-3723.8,60918,-89819,26.87
2020-05-26 16:00:00,-3.92,20.68,465.96,0,241140,-148603,25.6
2020-05-27 16:00:00,-4.6,20.98,906.7,0,113210,0,26.81
2020-05-28 16:00:00,-4.32,20.58,0,-1198.54,59057,-56160,26.02
2020-05-29 16:00:00,-4.06,19.68,0,-2702.27,62722,-62564,24.74
2020-06-01 16:00:00,-1.48,22.77,9249.64,0,58990,-59454,24.61
2020-06-02 16:00:00,-1.17,22.94,516,0,384,0,24.4
2020-06-03 16:00:00,-1.17,22.23,0,-2134,0,0,23.68
2020-06-04 16:00:00,-1.21,22.87,1939.51,0,126605,-127664,24.37
2020-06-05 16:00:00,-0.73,22.68,0,-591.54,58251,-60705,23.58
2020-06-08 16:00:00,-0.22,22.73,164.24,0,119956,-121461,23
2020-06-09 16:00:00,0.4,23.61,2629.29,0,68231,-64210,23.12
2020-06-10 16:00:00,0.22,22.2,0,-4219.9,124109,-122899,21.93
2020-06-11 16:00:00,-0.87,20.84,0,-4081.39,620,-388,21.9
2020-06-12 16:00:00,-0.69,19.43,0,-4225.69,115214,-348799,20.26
2020-06-15 16:00:00,-1.88,18.28,0,-3450.64,233322,0,20.55
2020-06-16 16:00:00,-0.4,20.05,5297,0,0,0,20.53
2020-06-17 16:00:00,-0.33,20.54,1466,0,648,0,20.94
2020-06-18 16:00:00,0.34,22.99,7370.65,0,3585,-4347,22.57
2020-06-19 16:00:00,1.68,23.74,2245.9,0,61350,-58951,21.7
2020-06-22 16:00:00,1.77,24.55,2415,0,0,0,22.38
2020-06-23 16:00:00,2.26,23.19,0,-4065.21,132202,-132510,20.47
2020-06-24 16:00:00,2.68,24.58,4150.47,0,228084,-232980,21.33
2020-06-29 16:00:00,1.96,24.43,0,-432.86,61794,-54846,22.04
2020-06-30 16:00:00,3.3,26,4713.2,0,9209,-8924,21.97
2020-07-01 16:00:00,5.38,29.91,11731.22,0,3450,-3783,23.28
2020-07-02 16:00:00,7.57,32.65,8208.59,0,5615,-5414,23.32
2020-07-03 16:00:00,9.64,33.8,3447.94,0,56017,-54600,22.04
2020-07-06 16:00:00,15.86,40.88,21234.02,0,69956,-70308,21.6
2020-07-07 16:00:00,16.55,45,12377.13,0,207980,-209200,24.41
2020-07-08 16:00:00,18.44,46.64,4914.28,0,0,-62176,23.81
2020-07-09 16:00:00,20.09,53.06,19263.22,0,0,-10779,27.45
2020-07-10 16:00:00,17.92,51.67,0,-4164.25,67950,-4266,28.62
2020-07-13 16:00:00,20.4,57.14,16391.1,0,0,-6897,30.51
2020-07-14 16:00:00,19.25,53.36,0,-11324.2,0,-74835,28.6
2020-07-15 16:00:00,17.7,51.64,0,-5159.01,0,-142293,28.84
2020-07-16 16:00:00,12.04,51.51,0,-396.11,0,-219758,35.23
2020-07-17 16:00:00,12.75,50.43,0,-3228.12,453942,0,33.42
2020-07-20 16:00:00,16.11,54.87,13313,0,0,0,33.38
2020-07-21 16:00:00,16.38,58.17,9888,0,391,0,35.91
2020-07-22 16:00:00,16.96,57.63,0,-1601,0,0,34.77
2020-07-23 16:00:00,16.91,56.71,0,-2786,0,0,34.04
2020-07-24 16:00:00,11.78,51.35,0,-16052.48,0,-1482,35.4
2020-07-27 16:00:00,12.34,50.02,0,-4017.16,107870,-106868,33.54
2020-07-28 16:00:00,13.33,51.81,5384.62,0,343171,-344874,33.95
2020-07-29 16:00:00,16.08,57.8,17972.32,0,30324,-32479,35.94
2020-07-30 16:00:00,15.51,56.65,0,-3464,3135,0,35.62
2020-07-31 16:00:00,16.48,58.87,6668,0,0,0,36.39
2020-08-03 16:00:00,18.37,62.21,10009,0,0,0,37.04
2020-08-04 16:00:00,18.48,60.61,0,-4775,420,0,35.56
2020-08-05 16:00:00,18.51,62.08,4397.68,0,87439,-88039,36.76
2020-08-06 16:00:00,18.16,62.06,0,-48.13,476,-363307,37.15
2020-08-07 16:00:00,16.8,61.22,0,-2534.04,476410,-112888,38.03
2020-08-10 16:00:00,17.22,60.82,0,-1185.27,81032,-224780,37.2
2020-08-11 16:00:00,16.15,55.95,0,-14623.07,222719,-78540,34.27
2020-08-12 16:00:00,15.3,57,3151.78,0,290310,-294262,36.17
2020-08-13 16:00:00,15.01,56.06,0,-2820,3321,0,35.69
2020-08-14 16:00:00,16.72,57.7,4916.62,0,4356,-4382,35.11
2020-08-17 16:00:00,19.46,60.81,9326.53,0,0,-472,34.61
2020-08-18 16:00:00,19.4,61.3,1488.31,0,90189,-89645,35.09
2020-08-19 16:00:00,17.61,59.72,0,-4764.09,78960,-84276,35.8
2020-08-20 16:00:00,16.08,57.18,0,-7616.66,130428,-129428,35.41
2020-08-21 16:00:00,17.07,58.88,5102.58,0,160647,-240682,35.71
2020-08-24 16:00:00,17.99,58.97,280.04,0,168980,-86520,34.73
2020-08-25 16:00:00,18.14,58.62,0,-1066.47,55211,-55041,34.26
2020-08-26 16:00:00,16.75,55.36,0,-9767.29,75049,-75834,33.07
2020-08-27 16:00:00,17.38,58.7,10035.08,0,159506,-164671,35.2
2020-08-28 16:00:00,20.18,59.99,3845,0,6195,0,33.13
2020-08-31 16:00:00,19.48,58.51,0,-4421.38,72755,-72990,32.67
2020-09-01 16:00:00,20.13,60.29,5342.24,0,84428,-84334,33.43
2020-09-02 16:00:00,20.17,60.72,1278.65,0,88809,-89471,33.74
2020-09-03 16:00:00,19.51,60.09,0,-1898.51,44482,-54036,33.96
2020-09-04 16:00:00,18.34,58.08,0,-6019.04,202660,-193547,33.58
2020-09-07 16:00:00,15.84,54.83,0,-9761.59,40500,-103252,33.66
2020-09-08 16:00:00,16.46,54.29,0,-1604.55,278085,-216644,32.48
2020-09-09 16:00:00,13.74,49.62,0,-14003.61,147738,-146450,31.55
2020-09-10 16:00:00,13.67,47.33,0,-6884.54,165966,-166595,29.61
2020-09-11 16:00:00,14.8,49.83,7494.66,0,352131,-352864,30.51
2020-09-14 16:00:00,15.39,49.78,0,-135,0,0,29.8
2020-09-15 16:00:00,16.31,50.57,2367.28,0,9450,-9720,29.46
2020-09-16 16:00:00,15.54,49.29,0,-3831,826,0,29.21
2020-09-17 16:00:00,14.93,53.39,12282.97,0,0,-5028,33.46
2020-09-18 16:00:00,17.52,55.75,7079.4,0,77741,-73721,32.53
2020-09-21 16:00:00,16.39,56.83,3258.01,0,2988,-1991,34.75
2020-09-22 16:00:00,15.01,53.13,0,-11120.21,365215,-374563,33.14
2020-09-23 16:00:00,15.42,52.53,0,-1779.14,0,-131648,32.15
2020-09-24 16:00:00,13.2,48.04,0,-13490.6,293813,-154261,30.78
2020-09-25 16:00:00,13.38,47.79,0,-743.58,0,-213708,30.35
2020-09-28 16:00:00,13.67,45.96,0,-5484.14,282787,-72358,28.41
2020-09-29 16:00:00,13.92,47.6,4924.83,0,83824,-80807,29.56
2020-09-30 16:00:00,13.81,44.98,0,-7863.32,426,-318,27.39
2020-10-09 16:00:00,16.13,49.68,14104.91,0,86249,-147274,28.89
2020-10-12 16:00:00,19.66,55.78,18280.5,0,88216,-27764,30.19
2020-10-13 16:00:00,20.05,54.64,0,-3414,0,0,28.81
2020-10-14 16:00:00,19.26,52.07,0,-7699,0,0,27.51
2020-10-15 16:00:00,19.05,51.52,0,-1644.74,0,-276590,27.27
2020-10-16 16:00:00,18.88,53.16,4898.34,0,409195,-133599,28.84
2020-10-19 16:00:00,17.98,52.12,0,-3122,324,0,28.94
2020-10-20 16:00:00,18.92,51.76,0,-1071.34,118969,-119349,27.62
2020-10-21 16:00:00,18.9,53.74,5944.69,0,1725,-1306,29.3
2020-10-22 16:00:00,18.54,53.99,752,0,0,0,29.91
2020-10-23 16:00:00,17.06,54.02,73,0,0,0,31.57
2020-10-26 16:00:00,16.38,50.33,0,-11051,0,0,29.17
2020-10-27 16:00:00,16.58,49.57,0,-2293.49,404279,-408097,28.3
2020-10-28 16:00:00,17.53,50.28,2141.19,0,113117,-110630,27.87
2020-10-29 16:00:00,18.41,49.82,0,-1374.13,74562,-75046,26.53
2020-10-30 16:00:00,16.48,49.92,279.81,0,77233,-76519,28.71
2020-11-02 16:00:00,17.12,48.9,0,-3065.76,73210,-73200,27.13
2020-11-03 16:00:00,18.52,51.35,7373,0,0,0,27.7
2020-11-04 16:00:00,19.42,52.93,4724,0,0,0,28.06
2020-11-05 16:00:00,21.19,56.1,9504.29,0,188234,-189083,28.81
2020-11-06 16:00:00,21.21,59.13,9106.5,0,123850,-124080,31.28
2020-11-09 16:00:00,23.58,69.98,32550.13,0,73677,-73296,37.55
2020-11-10 16:00:00,22.9,65.22,0,-14270.7,3471,-3701,34.43
2020-11-11 16:00:00,21.68,63.23,0,-5986.01,78444,-78939,34.15
2020-11-12 16:00:00,21.77,63.07,0,-462.51,3486,-3510,33.92
2020-11-13 16:00:00,20.49,61.2,0,-5621.07,0,-3072,33.79
2020-11-16 16:00:00,21.67,65.26,12176.91,0,202958,-208341,35.83
2020-11-17 16:00:00,21.43,62.35,0,-8736.45,138829,-130356,33.7
2020-11-18 16:00:00,21.36,61.63,0,-2165.54,225847,-226370,33.18
2020-11-19 16:00:00,22.26,62.3,2024.01,0,83905,-83899,32.75
2020-11-20 16:00:00,22.64,63.18,2627.07,0,132513,-134674,33.06
2020-11-23 16:00:00,24.17,66.7,10575.72,0,4776,-3276,34.25
2020-11-24 16:00:00,23.41,66.75,140.36,0,10021,-9638,35.12
2020-11-25 16:00:00,21.83,64.26,0,-7461.29,38943,-39768,34.83
2020-11-26 16:00:00,22.05,65.75,4462.57,0,165648,-199746,35.8
2020-11-27 16:00:00,23.57,66.61,2568.59,0,127980,-94080,34.83
2020-11-30 16:00:00,23.06,66.59,0,-53.01,22079,-22010,35.37
2020-12-01 16:00:00,25.71,68.32,5186.94,0,136527,-136540,33.9
2020-12-02 16:00:00,25.71,67.58,0,-2204.06,4614,-5056,33.31
2020-12-03 16:00:00,25.46,67.75,513.69,0,12243,-12311,33.71
2020-12-04 16:00:00,25.68,68.95,3595.45,0,109313,-110214,34.43
2020-12-07 16:00:00,24.6,67.55,0,-4216.1,0,-84882,34.47
2020-12-08 16:00:00,24.29,68,1361.1,0,230123,-146643,35.17
2020-12-09 16:00:00,22.62,68.02,56.9,0,23107,-22679,37.02
2020-12-10 16:00:00,22.57,66.2,0,-5458.8,163548,-255892,35.6
2020-12-11 16:00:00,21.31,62.12,0,-12232.33,93875,0,33.64
2020-12-14 16:00:00,22.43,66.74,13840.03,0,247098,-247419,36.19
2020-12-15 16:00:00,22.68,64.27,0,-7388.47,110006,-110280,33.9
2020-12-16 16:00:00,22.9,63.45,0,-2479,0,0,32.99
2020-12-17 16:00:00,24.48,65.32,5616.27,0,237285,-239191,32.81
2020-12-18 16:00:00,24.04,64.41,0,-2710,1519,0,32.55
2020-12-21 16:00:00,25.21,65.26,2535,0,0,0,31.99
2020-12-22 16:00:00,23.17,63.64,0,-4860.27,1818,-2267,32.86
2020-12-23 16:00:00,24.22,63.19,0,-1342.91,0,-329726,31.37
2020-12-24 16:00:00,24.04,59.18,0,-12049.34,329461,0,28.33
2020-12-25 16:00:00,25.09,61.61,7295.65,0,231360,-232282,29.19
2020-12-28 16:00:00,25.64,61.77,501.39,0,3123,-2606,28.76
2020-12-29 16:00:00,25.11,65.57,11392.95,0,77088,-77060,32.34
2020-12-30 16:00:00,26.86,64.51,0,-3177.79,74663,-74571,29.68
2020-12-31 16:00:00,29.29,68.22,11129,0,0,0,30.11
2021-01-04 16:00:00,30.69,69.32,3287,0,0,0,29.56
2021-01-05 16:00:00,33.19,73.87,13667.41,0,161384,-161774,30.54
2021-01-06 16:00:00,34.41,71.22,0,-7969.77,194723,-194920,27.39
2021-01-07 16:00:00,36.79,71.8,1739.63,0,81083,-81641,25.59
2021-01-08 16:00:00,36.33,71.55,0,-748.46,79516,-79554,25.83
2021-01-11 16:00:00,34.99,65.8,0,-17236.09,155176,-155013,22.82
2021-01-12 16:00:00,38.84,69.01,9633.28,0,305461,-305917,21.73
2021-01-13 16:00:00,38.38,66.29,0,-8180,0,0,20.17
2021-01-14 16:00:00,35.71,67.02,2184.86,0,55265,-55562,23.07
2021-01-15 16:00:00,35.41,67.93,2752.57,0,104866,-104919,24.02
2021-01-18 16:00:00,36.91,68.57,1920.37,0,82614,-82964,23.12
2021-01-19 16:00:00,34.9,68.02,0,-1663,0,0,24.55
2021-01-20 16:00:00,35.86,68.99,2912.16,0,76395,-76317,24.39
2021-01-21 16:00:00,38.06,69.34,1065.44,0,260068,-260484,22.66
2021-01-22 16:00:00,38.18,75.5,18456,0,0,0,27.01
2021-01-25 16:00:00,39.57,78.51,9039.21,0,55575,-55843,27.9
2021-01-26 16:00:00,36.77,78.14,0,-1096.14,147792,-148837,30.25
2021-01-27 16:00:00,37.14,74.8,0,-10043.47,184419,-183982,27.46
2021-01-28 16:00:00,33.4,72.82,0,-5933.85,186945,-186962,29.55
2021-01-29 16:00:00,32.77,71.18,0,-4902.02,74954,-75564,28.93
2021-02-01 16:00:00,34.4,70.2,0,-2955.02,374547,-374585,26.64
2021-02-02 16:00:00,36.47,70.95,2248.89,0,101279,-101908,25.27
2021-02-03 16:00:00,36.08,65.98,0,-14910,481,0,21.97
2021-02-04 16:00:00,35.8,62.4,0,-10737.86,218242,-218703,19.59
2021-02-05 16:00:00,36.04,58.33,0,-12196.31,216922,-217471,16.38
2021-02-08 16:00:00,38.05,57.54,0,-2383.67,297761,-298076,14.12
2021-02-09 16:00:00,41.07,61.51,11901.97,0,158696,-159056,14.49
2021-02-10 16:00:00,44.08,64.2,8084,0,0,0,13.96
2021-02-18 16:00:00,43.11,69.16,14889.79,0,5040,-5205,18.2
2021-02-19 16:00:00,43.37,73.53,13081.1,0,5210,-4905,21.04
2021-02-22 16:00:00,38.86,72.85,0,-2034.47,2352,-2468,24.48
2021-02-23 16:00:00,38.42,73.66,2452.31,0,103810,-103940,25.46
2021-02-24 16:00:00,34.9,68.12,0,-16637.77,259464,-260659,24.63
2021-02-25 16:00:00,35.69,68.14,56.26,0,418209,-418722,23.91
2021-02-26 16:00:00,32.4,64.36,0,-11345.65,314138,-314357,24.14
2021-03-01 16:00:00,34.43,65.44,3254,0,0,0,23.07
2021-03-02 16:00:00,32.72,64.38,0,-3179.93,54221,-54424,23.85
2021-03-03 16:00:00,35.26,67.74,10093.07,0,111045,-110870,24.01
2021-03-04 16:00:00,31.01,60.27,0,-22427.88,22252,-22299,22.33
2021-03-05 16:00:00,30.56,60.54,806.11,0,323293,-323940,22.96
2021-03-08 16:00:00,26.03,53.18,0,-22059.19,122234,-122496,21.54
2021-03-09 16:00:00,23.32,50.82,0,-7097.28,143398,-145014,22.3
2021-03-10 16:00:00,24.13,51.15,996.85,0,51870,-52848,21.77
2021-03-11 16:00:00,27.22,55.78,13887.84,0,78577,-76406,22.45
2021-03-12 16:00:00,27.67,53.27,0,-7523.5,1780,-1500,20.05
2021-03-15 16:00:00,24.93,47.29,0,-17957.02,72446,-72787,17.9
2021-03-16 16:00:00,26.01,48.16,2634.47,0,0,-444592,17.58
2021-03-17 16:00:00,26.55,49.59,4266.9,0,444099,0,18.21
2021-03-18 16:00:00,27.56,48.74,0,-2538,0,0,16.6
2021-03-19 16:00:00,24.22,47.21,0,-4605,0,0,18.51
2021-03-22 16:00:00,25.46,48.04,2505.08,0,69876,-72000,18
2021-03-23 16:00:00,24.27,46.97,0,-3220,2075,0,18.27
2021-03-24 16:00:00,22.27,47.09,371.22,0,39848,-211453,20.3
2021-03-25 16:00:00,22.22,48.97,5628.2,0,178354,-11800,21.89
2021-03-26 16:00:00,24.99,50.96,5987.09,0,69602,-179017,20.78
2021-03-29 16:00:00,25.21,50.21,0,-2260,0,0,19.97
2021-03-30 16:00:00,26.39,51.28,3220.2,0,15035,-13800,19.69
2021-03-31 16:00:00,25.24,50.14,0,-3420.02,29003,-81270,19.88
2021-04-01 16:00:00,26.79,50.73,1769.78,0,30112,-18219,18.88
2021-04-02 16:00:00,28.05,52.05,3958.37,0,27950,-28626,18.74
2021-04-06 16:00:00,27.52,51.22,0,-2494.35,331813,-185399,18.59
2021-04-07 16:00:00,26.62,50.41,0,-2434.32,50358,-45322,18.79
2021-04-08 16:00:00,26.83,51.97,4695.39,0,126986,-126074,19.82
2021-04-09 16:00:00,24.92,49.08,0,-8690.74,61733,-61840,19.34
2021-04-12 16:00:00,22.75,45.96,0,-9341.48,113689,-115988,18.91
2021-04-13 16:00:00,22.55,45.81,0,-464.73,196170,-197257,18.98
2021-04-14 16:00:00,23.56,47.67,5580.05,0,79545,-159480,19.51
2021-04-15 16:00:00,22.78,48.69,3054.3,0,239701,-161316,21.1
2021-04-16 16:00:00,23.2,47.96,0,-2184,4190,0,20.1
2021-04-19 16:00:00,26.2,52.67,14121.74,0,71382,-71890,20.97
2021-04-20 16:00:00,26.11,51.42,0,-3736.3,598,0,20.07
2021-04-21 16:00:00,26.49,51.39,0,-92,473,0,19.69
2021-04-22 16:00:00,26.26,48.57,0,-8469.89,130243,-131790,17.67
2021-04-23 16:00:00,27.4,49.45,2659.72,0,194826,-195702,17.31
2021-04-26 16:00:00,25.96,48.23,0,-3674.89,240635,-242068,17.68
2021-04-27 16:00:00,26.29,48.43,604.64,0,151911,-150749,17.53
2021-04-28 16:00:00,27,50.46,6078,0,1156,0,18.47
2021-04-29 16:00:00,28.12,52.67,6648.87,0,1251,-1132,19.16
2021-04-30 16:00:00,27.11,51.86,0,-2448,0,0,19.47
2021-05-06 16:00:00,25.56,54.72,8591.28,0,2702,-2722,23.22
2021-05-07 16:00:00,23.95,55.07,1045.73,0,205341,-205766,25.11
2021-05-10 16:00:00,23.86,55.29,654.54,0,248179,-248289,25.38
2021-05-11 16:00:00,24.62,56.7,4240.14,0,317356,-318000,25.74
2021-05-12 16:00:00,25.15,56.9,589.72,0,1374,-1276,25.37
2021-05-13 16:00:00,23.87,58.32,4277.74,0,800,-1263,27.81
2021-05-14 16:00:00,26.79,62.17,11555.64,0,1497,-1360,27.9
2021-05-17 16:00:00,28.63,62.77,1792.2,0,4053,-3796,26.54
2021-05-18 16:00:00,28.7,62.65,0,-379.98,45935,-46410,26.38
2021-05-19 16:00:00,28.32,62.85,606.69,0,81229,-97453,26.91
2021-05-20 16:00:00,28.67,64.5,4959.78,0,341385,-379005,27.85
2021-05-21 16:00:00,27.37,66.26,5290.09,0,54020,-1395,30.53
2021-05-24 16:00:00,27.9,65.24,0,-3083.27,128796,-130804,29.19
2021-05-25 16:00:00,31.94,67.79,7645.43,0,3828,-1569,27.17
2021-05-26 16:00:00,32,65.97,0,-5442.05,4596,-4047,25.73
2021-05-27 16:00:00,32.43,67.94,5903.94,0,1704,-2062,26.81
2021-05-28 16:00:00,32.01,70.92,8953.64,0,87007,-87261,29.48
2021-05-31 16:00:00,32.27,74.38,10375.11,0,84160,-290276,31.84
2021-06-01 16:00:00,32.52,76.22,5502.67,0,207189,-3532,32.98
2021-06-02 16:00:00,31.24,76.15,0,-198.76,129242,-128415,34.22
2021-06-03 16:00:00,30.38,71.72,0,-13292.67,86808,-89981,31.71
2021-06-04 16:00:00,31.05,68.47,0,-9741.57,263181,-319710,28.55
2021-06-07 16:00:00,30.93,67.91,0,-1675,141332,-83897,28.24
2021-06-08 16:00:00,29.8,65.44,0,-7425.99,5707,-2987,27.46
2021-06-09 16:00:00,29.91,66.07,1887.29,0,80496,-85272,27.83
2021-06-10 16:00:00,30.78,65.98,0,-250.12,88743,-85280,26.92
2021-06-11 16:00:00,29.62,65.03,0,-2873.1,8069,-7100,27.32
2021-06-15 16:00:00,28.18,63.01,0,-6044.22,161526,-161535,27.17
2021-06-16 16:00:00,26.04,62.9,0,-337.03,227114,-227404,29.24
2021-06-17 16:00:00,26.57,62.03,0,-2601.95,87622,-87627,28.02
2021-06-18 16:00:00,26.59,62.07,121.1,0,65634,-64139,28.03
2021-06-21 16:00:00,26.29,60.98,0,-3287.87,83904,-84245,27.47
2021-06-22 16:00:00,27.07,62.27,3881.26,0,60506,-59930,27.7
2021-06-23 16:00:00,27.7,62.88,1832.64,0,79272,-79655,27.55
2021-06-24 16:00:00,27.91,61.64,0,-3722.8,83825,-84351.6,26.37
2021-06-25 16:00:00,30,66.72,15247.09,0,84728,-84743,28.25
2021-06-28 16:00:00,30.29,67.78,3159.76,0,30283,-29890,28.77
2021-06-29 16:00:00,28.77,65.28,0,-7493.21,63039,-63201,28.35
2021-06-30 16:00:00,29.6,65.03,0,-753.79,182002,-184201,27.34
2021-07-01 16:00:00,29.74,61.9,0,-9374.55,68420,-67264,24.79
2021-07-02 16:00:00,26.06,59.46,0,-7338.02,295782,-296112,26.5
2021-07-05 16:00:00,26.17,61.47,6055.33,0,224206,-227218,27.98
2021-07-06 16:00:00,26.1,62.06,1751.46,0,89388,-86570,28.52
2021-07-07 16:00:00,27.53,66.45,13177,0,0,0,30.52
2021-07-08 16:00:00,26.23,66.49,120,0,0,0,31.89
2021-07-09 16:00:00,25.77,70.69,12584.81,0,239704,-241010,35.72
2021-07-12 16:00:00,27.34,75.61,14774.95,0,81153,-80108,37.91
2021-07-13 16:00:00,27.57,80.03,13264,0,0,0,41.12
2021-07-14 16:00:00,26.1,80.79,2271.14,0,286150,-287720,43.37
2021-07-15 16:00:00,27.8,81.17,1137.67,0,22093,-21063,41.76
2021-07-16 16:00:00,26.39,77.67,0,-10503,0,0,40.57
2021-07-19 16:00:00,26.86,76.23,0,-4311.94,81132,-81416,38.92
2021-07-20 16:00:00,26.75,78.37,6411.56,0,321099,-321255,40.73
2021-07-21 16:00:00,27.62,77.92,0,-1350.18,70877,-71592,39.41
2021-07-22 16:00:00,27.81,80.76,8526.04,0,17546,-16962,41.43
2021-07-23 16:00:00,26.26,79.39,0,-4099.56,177176,-178024,42.08
2021-07-26 16:00:00,22.19,75.59,0,-11404.61,85584,-85043,43.7
2021-07-27 16:00:00,17.87,72.55,0,-9115.77,171420,-172072,46.39
2021-07-28 16:00:00,18.1,67.4,0,-15461.95,249926,-250466,41.74
2021-07-29 16:00:00,20.33,67.6,608.74,0,247431,-245523,39.28
2021-07-30 16:00:00,19.36,65.81,0,-5367.39,201226,-312643,38.92
2021-08-02 16:00:00,22.4,70.39,13728.37,0,160508,-171795,39.21
2021-08-03 16:00:00,22.42,71.23,2535.07,0,17082,-14928,39.87
2021-08-04 16:00:00,23.52,70.1,0,-3407.91,34486,-3906,37.71
2021-08-05 16:00:00,22.77,69.85,0,-732,0,0,38.35
2021-08-06 16:00:00,22.1,68.48,0,-4115.44,166028,-79065,37.99
2021-08-09 16:00:00,23.69,71.02,7622.57,0,29117,-27374,38.27
2021-08-10 16:00:00,25.11,73.83,8414.56,0,91973,-89235,38.94
2021-08-11 16:00:00,24.42,74.49,1991.83,0,176853,-177839,40.24
2021-08-12 16:00:00,23.38,71.87,0,-7864.28,22997,-22061,39.3
2021-08-13 16:00:00,22.7,69.24,0,-7876.76,118412,-118820,37.93
2021-08-16 16:00:00,22.58,69.45,630.44,0,81546,-83855,38.24
2021-08-17 16:00:00,20.01,65.71,0,-11219.68,166598,-164659,38.08
2021-08-18 16:00:00,21.42,65.06,0,-1971.87,192240,-192276,35.94
2021-08-19 16:00:00,20.62,65.37,924.78,0,153926,-153904,37.1
2021-08-20 16:00:00,18.32,62.03,0,-10016.27,192942,-194453,36.94
2021-08-23 16:00:00,19.97,65.19,9486.5,0,124395,-125170,37.69
2021-08-24 16:00:00,21.27,66.92,5186.06,0,28546,-27300,37.64
2021-08-25 16:00:00,21.52,70.03,9336.05,0,2735,-2950,39.92
2021-08-26 16:00:00,19.12,66.68,0,-10042,748,0,39.93
2021-08-27 16:00:00,19.75,66.91,689.96,0,46350,-50450,39.38
2021-08-30 16:00:00,19.41,66.1,0,-2425.68,166037,-162932,39.1
2021-08-31 16:00:00,19.22,66.75,1939.48,0,266508,-266440,39.87
2021-09-01 16:00:00,20.8,71.74,14961.01,0,91950,-91955,42.17
2021-09-02 16:00:00,20.8,71.35,0,-1169.04,77157,-77522,41.85
2021-09-03 16:00:00,20.15,71.2,0,-426.88,89357,-89551,42.49
2021-09-06 16:00:00,22.4,75.63,13289.21,0,1066,-788,43.49
2021-09-07 16:00:00,23.87,75.69,166.9,0,45288,-47820,41.83
2021-09-08 16:00:00,23.35,74.56,0,-3395.9,91622,-89960,41.52
2021-09-09 16:00:00,23.3,77.1,7614.06,0,213396,-214930,43.63
2021-09-10 16:00:00,24.38,77,0,-298.43,3319,-2432,42.31
2021-09-13 16:00:00,23.84,77.27,824.26,0,79260,-79845,43.14
2021-09-14 16:00:00,21.99,71.18,0,-18285.89,176042,-175756,40.32
2021-09-15 16:00:00,20.75,72.18,3010.06,0,138254,-158223,42.59
2021-09-16 16:00:00,19.27,65.75,0,-19282.88,77996,-213107,38.97
2021-09-17 16:00:00,20.47,64.85,0,-2695.12,362146,-208132,36.84
2021-09-22 16:00:00,19.62,63.15,0,-5123.3,288331,-288400,36.39
2021-09-23 16:00:00,20.4,68.19,15131,0,583,0,39.69
2021-09-24 16:00:00,20.31,67.46,0,-2194,0,0,39.19
2021-09-27 16:00:00,21,68.92,4378.43,0,567,-567,39.6
2021-09-28 16:00:00,21.16,69.08,476,0,0,0,39.55
2021-09-29 16:00:00,19.92,66.33,0,-8249.73,156515,-156883,38.7
2021-09-30 16:00:00,20.73,69.57,9722.22,0,291706,-292359,40.45
2021-10-08 16:00:00,22.31,66.06,0,-10515.77,136828,-136716,35.77
2021-10-11 16:00:00,22.46,64.8,0,-3791.43,47762,-47894,34.57
2021-10-12 16:00:00,21.16,61.42,0,-10134.65,166116,-167031,33.23
2021-10-13 16:00:00,22.56,63.97,7661.05,0,185383,-184989,33.79
2021-10-14 16:00:00,21.9,63.85,0,-374.01,98815,-100293,34.41
2021-10-15 16:00:00,22.36,63.94,271.69,0,1834,-780,33.98
2021-10-18 16:00:00,20.94,66.64,8109.13,0,212816,-213966,37.79
2021-10-19 16:00:00,22.13,66.63,0,-22.95,77580,-85168,36.44
2021-10-20 16:00:00,21.82,68.51,5624,0,8453,0,38.33
2021-10-21 16:00:00,22.26,66.62,0,-5678.03,163981,-168663,36.28
2021-10-22 16:00:00,23.04,64.91,0,-5115.38,257452,-254061,34.03
2021-10-25 16:00:00,23.54,65.04,381.18,0,266937,-266821,33.59
2021-10-26 16:00:00,23.13,62.08,0,-8888.47,82188,-82663,31.63
2021-10-27 16:00:00,21.52,60.34,0,-5198.8,128263,-128144,31.95
2021-10-28 16:00:00,20.67,57.88,0,-7396.72,173971,-174163,30.84
2021-10-29 16:00:00,21.78,59.04,3498.83,0,225246,-225373,30.6
2021-11-01 16:00:00,21.33,60.57,4578.83,0,81096,-81509,32.34
2021-11-02 16:00:00,20.07,57.44,0,-9382.69,75265,-75110,31.12
2021-11-03 16:00:00,19.61,57.59,430.49,0,61338,-61798,31.75
2021-11-04 16:00:00,20.79,58.89,3918.96,0,76459,-76680,31.54
2021-11-05 16:00:00,20.13,58.39,0,-1518.56,85810,-85748,31.85
2021-11-08 16:00:00,20.28,57.94,0,-1334.18,238676,-238754,31.31
2021-11-09 16:00:00,20.24,57.01,0,-2791.29,69558,-70188,30.58
2021-11-10 16:00:00,19.61,57.52,1538.93,0,224994,-225390,31.69
2021-11-11 16:00:00,21.53,61.69,12492.35,0,84978,-85890,33.05
2021-11-12 16:00:00,21.27,61.04,0,-1937.14,61626,-60686,32.79
2021-11-15 16:00:00,21.13,60.12,0,-2754.08,4935,-5078,32.19
2021-11-16 16:00:00,21.15,57.7,0,-7278.14,89780,-91877,30.17
2021-11-17 16:00:00,21.21,58.52,2469.33,0,13236,-11667,30.78
2021-11-18 16:00:00,20.01,56.05,0,-7421,0,0,30.03
2021-11-19 16:00:00,21.32,56.4,1070.62,0,72541,-233513,28.92
2021-11-22 16:00:00,21.87,57.59,3568.57,0,246586,-86294,29.31
2021-11-23 16:00:00,21.89,57.91,957.31,0,62151,-61707,29.55
2021-11-24 16:00:00,21.98,57.43,0,-1461.05,5401,-5047,29.06
2021-11-25 16:00:00,21.47,56.37,0,-3171.72,80268,-80640,28.73
2021-11-26 16:00:00,20.57,57.08,2120.75,0,76862,-77942,30.28
2021-11-29 16:00:00,20.36,59.29,6637.21,0,63688,-87575,32.34
2021-11-30 16:00:00,19.88,59.36,225.02,0,102150,-77282,32.93
2021-12-01 16:00:00,20.17,60.51,3430.24,0,242507,-243234,33.57
2021-12-02 16:00:00,20.47,58.66,0,-5551.72,137391,-137787,31.7
2021-12-03 16:00:00,21.59,58.39,0,-812.84,49858,-49683,30.27
2021-12-06 16:00:00,21.38,58.1,0,-867,0,0,30.25
2021-12-07 16:00:00,22.11,58.74,1926.6,0,85424,-85760,30
2021-12-08 16:00:00,23.94,58.33,0,-1213.16,65084,-64968,27.75
2021-12-09 16:00:00,26,58.37,108.42,0,27924,-28214,25.69
2021-12-10 16:00:00,25.41,58.22,0,-446.05,243427,-243413,26.16
2021-12-13 16:00:00,26.12,57.26,0,-2897.22,83003,-84582,24.69
2021-12-14 16:00:00,25.28,55.82,0,-4295.51,52036,-51140,24.38
2021-12-15 16:00:00,24.19,54.91,0,-2736.36,32345,-35271,24.74
2021-12-16 16:00:00,24.9,57.42,7518.33,0,128692,-134000,26.04
2021-12-17 16:00:00,22.92,56.2,0,-3655.54,36272,-28692,27.07
2021-12-20 16:00:00,21.08,53.53,0,-8004.06,84573,-85651,26.8
2021-12-21 16:00:00,21.9,53.91,1122.74,0,322849,-321951,26.26
2021-12-22 16:00:00,21.92,53.34,0,-1692,386,0,25.77
2021-12-23 16:00:00,22.77,53.74,1199.15,0,47740,-48562,25.23
2021-12-24 16:00:00,22.09,50.39,0,-10056,504,0,23.18
2021-12-27 16:00:00,22.04,50.7,928.05,0,353956,-355466,23.48
2021-12-28 16:00:00,22.95,56.32,16852,0,653,0,27.14
2021-12-29 16:00:00,21.15,55.57,0,-2229,0,0,28.41
2021-12-30 16:00:00,22.1,55.41,0,-492.86,85988,-85796,27.28
2021-12-31 16:00:00,22.56,58.13,8176.62,0,505,-384,29.02
2022-01-04 16:00:00,22,52.71,0,-16276.65,73483,-75521,25.17
2022-01-05 16:00:00,20.77,51.31,0,-4205.88,68525,-66900,25.29
2022-01-06 16:00:00,19.53,50.58,0,-2181.94,214384,-214816,25.98
2022-01-07 16:00:00,19.64,48.67,0,-5713.7,616,-697,24.26
2022-01-10 16:00:00,20.17,50.33,4973.77,0,79058,-82131,25.1
2022-01-11 16:00:00,19.03,49.87,0,-1386.95,78354,-78599,25.91
2022-01-12 16:00:00,20.21,51.69,5444.85,0,79011,-78203,26.19
2022-01-13 16:00:00,18.24,49.32,0,-7084.12,86809,-84920,26.29
2022-01-14 16:00:00,17.26,49.86,1609.76,0,271053,-271417,27.8
2022-01-17 16:00:00,18.27,50.45,1779.37,0,124995,-125957,27.21
2022-01-18 16:00:00,19.41,53.77,9951,0,0,0,28.77
2022-01-19 16:00:00,18.59,50.8,0,-8913.74,83303,-82686,27.16
2022-01-20 16:00:00,19.66,50.11,0,-2054.96,79784,-80634,25.45
2022-01-21 16:00:00,18.57,47.53,0,-7753.74,49264,-48600,24.42
2022-01-24 16:00:00,18.75,50.16,7892.79,0,37674,-37567,26.45
2022-01-25 16:00:00,16.07,46.32,0,-11514.9,192183,-195824,26.06
2022-01-26 16:00:00,16.91,47.22,2706.15,0,250374,-247481,25.93
2022-01-27 16:00:00,14.61,44.29,0,-8805.47,64894,-64824,25.9
2022-01-28 16:00:00,13.22,43.44,0,-2544.03,116700,-117042,26.69
2022-02-07 16:00:00,14.97,41.7,0,-5226.58,162914,-163337,23.25
2022-02-08 16:00:00,14.34,45.62,11762.35,0,125811,-125515,27.36
2022-02-09 16:00:00,15.41,46.97,4036.31,0,13510,-13690,27.35
2022-02-10 16:00:00,15.11,47.1,389,0,0,0,27.79
2022-02-11 16:00:00,14.15,45.67,0,-4273.24,152572,-248616,27.61
2022-02-14 16:00:00,12.92,45.61,0,-184.6,95188,-140701,28.95
2022-02-15 16:00:00,14.12,50.06,13350.76,0,221397,-83328,31.49
2022-02-16 16:00:00,14.57,49.23,0,-2501.62,2613,-620,30.25
2022-02-17 16:00:00,14.84,49.85,1871.88,0,41237,-56579,30.49
2022-02-18 16:00:00,15.39,49.2,0,-1963.46,34818,-20460,29.3
2022-02-21 16:00:00,14.97,47.13,0,-6191.99,15909,-14994,27.97
2022-02-22 16:00:00,13.48,46.81,0,-951.12,149447,-162980,29.37
2022-02-23 16:00:00,14.69,52.43,16859.41,0,111807,-100665,32.91
2022-02-24 16:00:00,12.37,47.75,0,-14041.3,158053,-156812,31.49
2022-02-25 16:00:00,13.46,48.81,3169.65,0,47597,-46777,31.16
2022-02-28 16:00:00,13.66,49.03,673.42,0,95854,-96023,31.12
2022-03-01 16:00:00,14.61,50.28,3744.84,0,41756,-41537,31.12
2022-03-02 16:00:00,13.59,49.36,0,-2774.37,44666,-44756,31.49
2022-03-03 16:00:00,12.92,47.86,0,-4496.59,98112,-107383,30.94
2022-03-04 16:00:00,11.55,45.89,0,-5902.71,172708,-236591,30.78
2022-03-07 16:00:00,7.99,41.35,0,-13614.65,159988,-88653,30.89
2022-03-08 16:00:00,5.82,37.93,0,-10256.4,188947,-241548,30.34
2022-03-09 16:00:00,4.85,35.77,0,-6501.19,262499,-240659,29.49
2022-03-10 16:00:00,6.5,37.78,6047.94,0,37100,-15812,29.37
2022-03-11 16:00:00,6.84,38.25,1392.01,0,188429,-205876,29.4
2022-03-14 16:00:00,3.57,34.92,0,-9984.56,19680,-35556,30.27
2022-03-15 16:00:00,-1.17,29.57,0,-16042.32,126279,-138259,31.1
2022-03-16 16:00:00,3.11,35.5,17780.31,0,196140,-179672,31.41
2022-03-17 16:00:00,5.13,37.72,6668.94,0,58084,-21576,31
2022-03-18 16:00:00,5.83,39.31,4762.02,0,21218,-23100,31.64
2022-03-21 16:00:00,5.65,38.45,0,-2568,0,0,31.05
2022-03-22 16:00:00,5.57,38.56,317.44,0,14020,-82824,31.25
2022-03-23 16:00:00,6.09,39.86,3905.57,0,56322,-13435,31.83
2022-03-24 16:00:00,5.47,39.11,0,-2240.36,40550,-52358,31.9
2022-03-25 16:00:00,3.57,38.17,0,-2823.79,35201,-231468,33.41
2022-03-28 16:00:00,2.92,38.45,825.97,0,59022,-58995,34.52
2022-03-29 16:00:00,2.56,38.64,573.45,0,133792,-21120,35.18
2022-03-30 16:00:00,5.54,41.39,8262.09,0,83273,-67907,33.97
2022-03-31 16:00:00,4.76,40.02,0,-4122,0,0,33.66
2022-04-01 16:00:00,6.09,40.57,1657.92,0,76237,-120839,32.5
2022-04-06 16:00:00,5.78,40.14,0,-1297.91,65762,-28905,32.48
2022-04-07 16:00:00,4.42,37.99,0,-6436.88,72308,-67879,32.15
2022-04-08 16:00:00,4.96,38.16,486.98,0,54976,-87017,31.63
2022-04-11 16:00:00,1.72,33.26,0,-14677.2,231404,-88772,31.01
2022-04-12 16:00:00,3.7,33.86,1780.54,0,287383,-287951,29.08
2022-04-13 16:00:00,2.7,29.75,0,-12308,0,0,26.34
2022-04-14 16:00:00,3.99,31.96,6620.47,0,177632,-178173,26.9
2022-04-15 16:00:00,3.92,32.95,2977.76,0,104962,-104116,27.93
2022-04-18 16:00:00,3.36,41.45,25500,0,0,0,36.85
2022-04-19 16:00:00,2.58,39.18,0,-6812.41,1384,-1408,35.68
2022-04-20 16:00:00,0.99,36.3,0,-8648.18,15780,-16185,34.96
2022-04-21 16:00:00,-0.87,31.07,0,-15693.85,143144,-143310,32.22
2022-04-22 16:00:00,-0.44,30.29,0,-2339.98,244048,-244519,30.87
2022-04-25 16:00:00,-5.36,20.52,0,-29291.98,312182,-312313,27.35
2022-04-26 16:00:00,-6.12,17.24,0,-9868.92,304183,-304686,24.88
2022-04-27 16:00:00,-3.36,19.96,8173.05,0,184200,-347207,24.13
2022-04-28 16:00:00,-2.72,18.97,0,-2975,32711,0,22.3
2022-04-29 16:00:00,-0.36,20.05,3234.51,0,0,-230494,20.48
2022-05-05 16:00:00,-0.51,20.05,0,0,0,0,20.67
2022-05-06 16:00:00,-3.03,20.41,1093,0,188448,0,24.17
2022-05-09 16:00:00,-3.81,20.58,505.6,0,27923,-29396,25.36
2022-05-10 16:00:00,-2.75,20.6,70.91,0,11608,-32088,24.01
2022-05-11 16:00:00,-1.35,20.76,462,0,78468,0,22.41
2022-05-12 16:00:00,-1.79,21.07,949.42,0,23751,-22575,23.28
2022-05-13 16:00:00,-1.05,21.41,1006,0,0,0,22.7
2022-05-16 16:00:00,-1.84,21.38,0,-93,0,0,23.66
2022-05-17 16:00:00,-0.62,21.68,904.47,0,12064,-140528,22.44
2022-05-18 16:00:00,-0.97,22.7,3066.65,0,234968,-16608,23.9
2022-05-19 16:00:00,-0.78,23.68,2943.15,0,83776,-141831,24.65
2022-05-20 16:00:00,1.16,24.65,2911.74,0,126080,-49741,23.22
2022-05-23 16:00:00,0.57,24.53,0,-371.04,29928,-25056,23.82
2022-05-24 16:00:00,-1.78,20.4,0,-12382.26,0,-23409,22.58
2022-05-25 16:00:00,-1.18,20.1,0,-918.65,0,-142923,21.53
2022-05-26 16:00:00,-0.94,21.1,3006.15,0,165865,0,22.25
2022-05-27 16:00:00,-0.73,20.1,0,-2984.45,126079,-126169,20.98
2022-05-30 16:00:00,-0.05,20.05,0,-167.37,61143,-62560,20.11
2022-05-31 16:00:00,1.51,23.1,9155.7,0,5265,-4301,21.27
2022-06-01 16:00:00,1.3,23.23,398.75,0,6520,-6246,21.65
2022-06-02 16:00:00,1.46,22.44,0,-2360.71,0,-711,20.68
2022-06-06 16:00:00,3.36,23.81,4087,0,0,0,19.79
2022-06-07 16:00:00,3.68,25.3,4489.69,0,162664,-166910,20.85
2022-06-08 16:00:00,4.69,25.99,2070.66,0,137825,-133818,20.35
2022-06-09 16:00:00,3.59,25.73,0,-794.45,96962,-96595,21.37
2022-06-10 16:00:00,5.16,27.55,5468.63,0,10725,-10370,21.29
2022-06-13 16:00:00,3.93,27.41,0,-412.07,5952,-6072,22.59
2022-06-14 16:00:00,4.75,29.98,7706,0,0,0,24.09
2022-06-15 16:00:00,6.14,35.48,16478,0,0,0,27.64
2022-06-16 16:00:00,5.44,31.37,0,-12309.32,147956,-148209,24.59
2022-06-17 16:00:00,6.9,31.01,0,-1083.42,123768,-265420,22.55
2022-06-20 16:00:00,7.43,31.27,766.87,0,238195,-99324,22.19
2022-06-21 16:00:00,7.31,32.98,5123.96,0,114575,-110525,23.92
2022-06-22 16:00:00,5.95,31.62,0,-4070.97,5883,-5972,24.23
2022-06-23 16:00:00,7.77,34.91,9870.35,0,79568,-79635,25.18
2022-06-24 16:00:00,9.03,35.04,401,0,0,0,23.86
2022-06-27 16:00:00,10.26,39.98,14822,0,0,0,26.95
2022-06-28 16:00:00,11.4,42.14,6482.76,0,140669,-140760,27.59
2022-06-29 16:00:00,9.69,38.02,0,-12377.84,71848,-72579,25.83
2022-06-30 16:00:00,11.27,38.96,2837.77,0,185748,-186320,24.89
2022-07-01 16:00:00,10.81,40.33,4101.19,0,78544,-78120,26.64
2022-07-04 16:00:00,11.54,40.23,0,-295.76,74702,-75228,25.72
2022-07-05 16:00:00,11.38,40.48,732.9,0,75040,-74620,26.13
2022-07-06 16:00:00,9.75,38.39,0,-6257.3,3078,-3296,26.1
2022-07-07 16:00:00,10.24,38.92,1581.56,0,149414,-149308,26.02
2022-07-08 16:00:00,9.87,38.1,0,-2447.2,3309,-3801,25.69
2022-07-11 16:00:00,8.03,34.38,0,-11174.41,211696,-211661,24.39
2022-07-12 16:00:00,7.02,33.33,0,-3138.26,68100,-107197,24.58
2022-07-13 16:00:00,7.21,32.11,0,-3650.1,279922,-241524,23.23
2022-07-14 16:00:00,7.22,31.56,0,-1652.38,90230,-90588,22.7
2022-07-15 16:00:00,5.4,30.26,0,-3918.93,128614,-125385,23.59
2022-07-18 16:00:00,6.49,33.2,8813.87,0,173928,-174034,25.08
2022-07-19 16:00:00,5.92,34.62,4285,0,750,0,27.1
2022-07-20 16:00:00,6.28,36.04,4245.5,0,7231,-7497,28
2022-07-21 16:00:00,5.09,36.07,87.27,0,626,-726,29.48
2022-07-22 16:00:00,5.14,33.09,0,-8939.43,84873,-87644,26.58
2022-07-25 16:00:00,4.51,31.33,0,-5268.47,68688,-83390,25.66
2022-07-26 16:00:00,5.34,31.09,0,-729.75,203302,-187518,24.44
2022-07-27 16:00:00,4.82,33.68,7770.95,0,233382,-234340,27.53
2022-07-28 16:00:00,4.83,33.95,827,0,1855,0,27.78
2022-07-29 16:00:00,3.45,34.98,3075.92,0,8789,-9082,30.48
2022-08-01 16:00:00,3.92,33.08,0,-5686.63,446,-626,28.06
2022-08-02 16:00:00,1.89,30.35,0,-8216.82,126435,-126504,27.93
2022-08-03 16:00:00,0.9,30.25,0,-297.7,135811,-138233,29.09
2022-08-04 16:00:00,1.75,30.35,311.75,0,83142,-80976,28.11
2022-08-05 16:00:00,3.13,32.99,7923.84,0,107068,-108758,28.95
2022-08-08 16:00:00,2.91,33.76,2303.9,0,3832,-2096,29.98
2022-08-09 16:00:00,3.11,33.99,679,0,0,0,29.95
2022-08-10 16:00:00,1.96,31.88,0,-6306,0,0,29.34
2022-08-11 16:00:00,4.04,32.43,1646.94,0,75284,-76572,27.29
2022-08-12 16:00:00,3.98,34.35,5739.31,0,186568,-185590,29.21
2022-08-15 16:00:00,3.84,32.51,0,-5514.17,82616,-83733,27.61
2022-08-16 16:00:00,3.65,32.46,0,-147.77,171375,-173427,27.8
2022-08-17 16:00:00,4.62,34.36,5708.96,0,13471,-12044,28.43
2022-08-18 16:00:00,3.7,33.08,0,-3857,1026,0,28.33
2022-08-19 16:00:00,2.98,36.99,11732.68,0,0,-62624,33.03
2022-08-22 16:00:00,3.73,39.13,6436.2,0,65586,0,34.13
2022-08-23 16:00:00,3.23,38.98,0,-464.89,143424,-144548,34.63
2022-08-24 16:00:00,1.28,36.18,0,-8389.53,65168,-79540,34.46
2022-08-25 16:00:00,2.12,36.98,2400.51,0,313576,-301633,34.14
2022-08-26 16:00:00,1.9,35.86,0,-3375.96,5223,-2557,33.33
2022-08-29 16:00:00,1.46,35.33,0,-1578.92,200146,-200818,33.38
2022-08-30 16:00:00,1.11,36.15,2455,0,440,0,34.66
2022-08-31 16:00:00,1.19,35.1,0,-3130.38,16280,-16381,33.51
2022-09-01 16:00:00,0.32,33.76,0,-4042.53,136125,-136281,33.33
2022-09-02 16:00:00,-0.18,34.58,2458.18,0,1898,-2824,34.82
2022-09-05 16:00:00,-0.38,35.47,2696.71,0,175962,-176102,35.99
2022-09-06 16:00:00,0.53,39.28,11425,0,648,0,38.55
2022-09-07 16:00:00,0.6,43.38,12292.95,0,138690,-138732,42.52
2022-09-08 16:00:00,0.17,40.42,0,-8888.1,61345,-61679,40.18
2022-09-09 16:00:00,1.56,40.78,1087.35,0,15500,-16649,38.62
2022-09-13 16:00:00,1.99,41.98,3610.41,0,77743,-77043,39.21
2022-09-14 16:00:00,0.86,41.24,0,-2241.15,3099,-3153,40.04
2022-09-15 16:00:00,-0.09,40.51,0,-2193.9,75556,-186514,40.64
2022-09-16 16:00:00,-2.44,37.15,0,-10063.64,177077,-71161,40.58
2022-09-19 16:00:00,-2.55,36.48,0,-2019.11,272307,-268825,40.05
2022-09-20 16:00:00,-2.43,38.09,4850.81,0,21981,-20768,41.53
2022-09-21 16:00:00,-3.15,37.71,0,-1161.69,126409,-126970,42.19
2022-09-22 16:00:00,-4.01,37.46,0,-747.43,123457,-126431,43.2
2022-09-23 16:00:00,-4.34,37.47,31,0,2992,0,43.71
2022-09-26 16:00:00,-4.82,37,0,-1402.23,85651,-86182,43.94
2022-09-27 16:00:00,-3.44,40.64,10909.07,0,95045,-98876,45.65
2022-09-28 16:00:00,-5.01,39.55,0,-3253.31,150632,-164774,46.91
2022-09-29 16:00:00,-5.05,39.69,401,0,0,0,47.12
2022-09-30 16:00:00,-5.61,39.46,0,-689.44,57405,-61021,47.75
2022-10-10 16:00:00,-7.69,37.06,0,-7196.62,75003,-73792,48.48
2022-10-11 16:00:00,-7.52,36,0,-3183.36,165713,-152802,47.06
2022-10-12 16:00:00,-6.12,40.22,12667.26,0,171027,-194173,49.36
2022-10-13 16:00:00,-6.9,40.47,743.45,0,34742,-17550,50.88
2022-10-14 16:00:00,-4.67,43.48,9033.6,0,42739,-42170,50.51
2022-10-17 16:00:00,-4.58,46.22,8228.27,0,43039,-38840,53.24
2022-10-18 16:00:00,-4.78,45.21,0,-3047.49,44328,-41655,52.5
2022-10-19 16:00:00,-6.31,43.45,0,-5263.61,42906,-40566,53.11
2022-10-20 16:00:00,-6.85,46.68,9682.68,0,19760,-160083,57.47
2022-10-21 16:00:00,-7.14,45.22,0,-4388.27,308295,-169996,56.39
2022-10-24 16:00:00,-9.86,43.69,0,-4584.15,102232,-98923,59.41
2022-10-25 16:00:00,-10.01,43.6,0,-264.84,224125,-224481,59.57
2022-10-26 16:00:00,-9.28,43.75,455,0,0,0,58.45
2022-10-27 16:00:00,-9.92,41.65,0,-6306,0,0,57.25
2022-10-28 16:00:00,-12.14,39.34,0,-6939.05,155371,-173615,58.59
2022-10-31 16:00:00,-12.95,38.15,0,-3555.57,141013,-132138,58.7
2022-11-01 16:00:00,-9.84,43.21,15190.61,0,150655,-146507,58.84
2022-11-02 16:00:00,-8.76,47.26,12124.17,0,85699,-81008,61.4
2022-11-03 16:00:00,-9.5,46.65,0,-1832.31,22264,-38622,62.04
2022-11-04 16:00:00,-6.54,52.91,18790,0,12630,0,63.61
2022-11-07 16:00:00,-6.34,53.88,2917,0,0,0,64.3
2022-11-08 16:00:00,-6.98,52.77,0,-3346.91,79918,-80199,64.23
2022-11-09 16:00:00,-7.85,51.7,0,-3183.11,0,-185992,64.62
2022-11-10 16:00:00,-8.56,51.7,2.32,0,0,-142090,65.9
2022-11-11 16:00:00,-6.01,52.97,3793.21,0,154796,-95209,62.75
2022-11-14 16:00:00,-5.88,53.83,2596.58,0,296884,-24805,63.44
2022-11-15 16:00:00,-4.09,56.62,8345,0,0,0,63.3
2022-11-16 16:00:00,-4.87,56.66,133,0,0,0,64.68
2022-11-17 16:00:00,-5.26,56.23,0,-1290.04,0,-4043,64.9
2022-11-18 16:00:00,-5.69,54.31,0,-5753,0,0,63.62
2022-11-21 16:00:00,-6.49,53.55,0,-2279,2211,0,64.21
2022-11-22 16:00:00,-6.48,54.09,1614.15,0,0,-238282,64.77
2022-11-23 16:00:00,-6.38,57.16,9207.18,0,461621,-222093,67.87
2022-11-24 16:00:00,-6.8,55.56,0,-4792,0,0,66.91
2022-11-25 16:00:00,-6.33,57.22,4977,0,0,0,67.84
2022-11-28 16:00:00,-7.38,56.69,0,-1594,0,0,69.18
2022-11-29 16:00:00,-4.53,58.35,4988,0,0,0,65.86
2022-11-30 16:00:00,-4.41,59.96,4812,0,0,0,67.34
2022-12-01 16:00:00,-3.38,59.44,0,-1567,0,0,65.02
2022-12-02 16:00:00,-3.97,58.99,0,-1335.44,472556,-476963,65.56
2022-12-05 16:00:00,-2.08,63.05,12174,0,3672,0,66.51
2022-12-06 16:00:00,-1.55,67.24,12565,0,0,0,69.87
2022-12-07 16:00:00,-1.8,71.27,12101,0,0,0,74.41
2022-12-08 16:00:00,-1.78,72.12,2559.84,0,77709,-78114,75.24
2022-12-09 16:00:00,-0.81,73.49,4104.65,0,86970,-106088,74.91
2022-12-12 16:00:00,-1.92,72.2,0,-3876.42,103185,-84900,75.57
2022-12-13 16:00:00,-2.11,72.19,0,-40.16,412269,-412377,75.9
2022-12-14 16:00:00,-1.88,69.97,0,-6636.84,136894,-136929,73.23
2022-12-15 16:00:00,-1.96,71.23,3777.15,0,42847,-43265,74.65
2022-12-16 16:00:00,-1.9,72.56,3978.48,0,5130,-5516,75.9
2022-12-19 16:00:00,-3.41,68.92,0,-10916.15,115970,-115520,74.88
2022-12-20 16:00:00,-5.01,68.07,0,-2560.32,32235,-36610,76.93
2022-12-21 16:00:00,-4.97,67.87,0,-585.73,34786,-31227,76.65
2022-12-22 16:00:00,-4.83,65.68,0,-6567.68,264521,-265482,74.09
2022-12-23 16:00:00,-5.03,63.59,0,-6287.75,479996,-480393,72.25
2022-12-26 16:00:00,-4.65,67.63,12122.28,0,157245,-157151,75.8
2022-12-27 16:00:00,-3.55,69.37,5223.73,0,0,-1273,75.6
2022-12-28 16:00:00,-3.96,67.3,0,-6191,2030,0,74.2
2022-12-29 16:00:00,-4.32,68.92,4838,0,0,0,76.55
2022-12-30 16:00:00,-3.95,66.87,0,-6155,0,0,73.73
